title,author,date,link,content,comments,image_url
"SSG닷컴, 여름 스포츠웨어·용품 기획전…최대 45% 할인",전성훈(lucho@yna.co.kr),2024.06.10. 오전 8:43,https://n.news.naver.com/mnews/article/001/0014736413?sid=101,"(서울=연합뉴스) 전성훈 기자 = 신세계그룹 계열 전자상거래(이커머스) 플랫폼 SSG닷컴은 오는 16일까지 '스포츠 쓱세일'을 열고 여름 스포츠웨어·용품을 할인 판매한다고 10일 밝혔다.

배럴 래시가드, 나이키 수영 팬츠, 크록스 샌들, 아레나 수경·수영모, 퀵실버 수영복 등을 정상가 대비 최대 45% 할인된 가격에 선보인다.

행사 기간 매일 2개 상품을 특가에 판매하는 '타임딜'도 있다. 뉴발란스 운동화를 시작으로 나이키, 파인캐디, 타이틀리스트 등 인기 스포츠 의류·용품을 합리적인 가격에 만나볼 수 있다.

쓱라이브(SSG.LIVE)를 통한 스포츠 브랜드 라이브 방송도 3회 편성했다.

고객에게는 최대 12% 할인되는 쿠폰 3종을 제공하고 행사 카드 결제 시 최대 8% 청구 할인 혜택도 준다.

이재은 SSG닷컴 영업마케팅팀장은 ""수상 스포츠, 캠핑, 골프 등의 야외 활동 상품에 혜택을 집중했다""고 말했다.

[SSG닷컴 제공. 재판매 및 DB 금지]


lucho@yna.co.kr",[],https://imgnews.pstatic.net/image/001/2024/06/10/AKR20240610024000030_01_i_P4_20240610084417026.jpg?type=w647
"SOOP, 작년 70여개 리그 진행…e스포츠 대표 플랫폼 도약",오동현 기자(odong85@newsis.com),2024.06.10. 오후 5:30,https://n.news.naver.com/mnews/article/003/0012597147?sid=105,"""유저들이 원하면 한다"" 다양한 e스포츠 대회 개최
SOOP 자체 제작 e스포츠 리그 작년에만 30여건
갤럭시 폴드컵. (사진=SOOP 제공) *재판매 및 DB 금지


[서울=뉴시스] 오동현 기자 = SOOP(숲, 옛 아프리카TV)이 공식 프로 대회뿐 아니라, 스트리머나 게임사들의 이벤트 대회 등 다양한 e스포츠 콘텐츠를 제공하는 대표 플랫폼으로 자리 잡고 있다.

10일 SOOP에 따르면, 지난해 SOOP에서 진행된 e스포츠 대회는 70여 개에 달한다. 이는 국내에 현존하는 e스포츠 방송사 및 플랫폼 중 가장 많고 다양한 수치다. 정식으로 진행되는 대회뿐 아니라, 선수들이 대회를 준비하는 연습 콘텐츠, 전략 연구 콘텐츠 등을 더하면 관련 콘텐츠를 몇 배로 늘어난다.

SOOP은 리그오브레전드(LoL), 스타크래프트 등 다양한 종목으로 진행되는 공식 e스포츠 리그뿐 아니라, 스트리머와 함께하는 캐주얼 e스포츠 리그, 게임사와 진행한 이벤트 e스포츠 대회 등 다양한 종목에서 다양한 형태의 e스포츠 리그를 제작하거나 운영, 중계하고 있다.

SOOP 관계자는 ""자사는 ‘유저들이 원하면 한다’는 모토 아래 다양한 종목으로 e스포츠 대회를 개최하는 한편, 게임을 좋아하는 유저라면 누구나 모여 즐길 수 있는 풍성한 e스포츠 생태계를 조성한다는 계획""이라고 전했다.

멸망전 (사진=-SOOP 제공) *재판매 및 DB 금지


공식 e스포츠 리그 정기 개최…스트리머-유저 함께 즐기는 콘텐츠도

유저들이 가장 쉽게 접할 수 있는 게임 대회는 SOOP이 직접 제작하는 e스포츠 리그다. 지난해에만 30여건이 진행됐다.

SOOP에서 제작하는 국내 유일의 스타크래프트 리그 ‘ASL’의 경우 현재까지 17시즌이 진행되는 동안 누적 시청자가 2억명이 넘어서는 대표적인 e스포츠 리그로 자리 잡았다.

TFT(전략적 팀 전투)로 진행되는 ‘ATS’의 경우, 지난해 진행된 ‘ATS-괴물습격!’의 대회 성적에 따라 선수들이 아시안컵 진출권을 획득했다.

마찬가지로 철권 리그인 ‘ATL’는 반다이 남코의 공식 대회로 지정되는 등 유저들과 팬들 사이에서는 권위 있는 대회로 인정받고 있다.

이 외에도 전 프로게이머들과 천상계 유저들이 참여하는 리그오브레전드 대회 ‘ALL’의 경우 팬들 사이에서 ‘LCK 3군 리그’라는 평가를 받을 정도로 수준 높은 리그다.

SOOP은 상암 ‘아프리카 콜로세움’, 삼성 ‘프릭업 스튜디오’, 잠실 ‘비타500 콜로세움’ 등 자체 e스포츠 경기장과 제작 역량을 바탕으로 다양한 e스포츠 리그도 제작해 송출하고 있다. 지난해 리그오브레전드의 중국 리그 LPL, 유럽 리그 LEC 등 해외 e스포츠 리그도 독점으로 한국어로 제작해 중계했다.

스트리머가 중심이 돼 진행하는 캐주얼 e스포츠 대회도 제공한다. SOOP의 오리지널 콘텐츠 ‘멸망전’과 같은 캐주얼 e스포츠 리그는 지난해에만 20여건이 진행됐다.

게임사들과 함께 진행한 이벤트 e스포츠 대회도 유저들에게 색다른 즐거움을 주는 요소다. 스트리머와 일반인이 함께 팀을 꾸려 참여하는 대회 ‘서든하이’, 갤럭시 Z 폴드5를 활용한 모바일 e스포츠 ‘갤럭시 폴드컵’ 등 지난해에만 약 20여건의 이벤트 대회가 진행됐다.

ASL 현장을 찾은 유저들 (사진=SOOP 제공) *재판매 및 DB 금지


""모두가 함께하는 지속 가능한 e스포츠 생태계 조성""

SOOP의 콘텐츠 중 게임 관련 콘텐츠 비중은 올해 1분기 기준 절반이 넘는다.

SOOP은 게임과 e스포츠에 대한 관심이 높아지고 있는 상황에서 스트리머들의 개인 콘텐츠뿐만 아니라, 스트리머들이 진행하지 못하는 대규모 e스포츠 리그, 비주류 종목의 e스포츠 대회를 확대하고 있다.

SOOP에서 활동한 스트리머들이 프로게이머나 해설자 코치 등으로도 활동하고 있다. ‘표식’ 홍창현 선수는 스트리머로 활동하다 프로 선수로 데뷔하며 ‘리그오브레전드 2022 월드 챔피언십’에서 우승을 달성했고, ‘리퍼’ 최기명도 최근 광동 프릭스 리그오브레전드팀에 입단했다. SOOP에서 LPL 중계를 진행하던 ‘포니’ 임주완은 LCK 해설로 활동하고 있다. LCK 정규 해설인 ‘클템’ 이현우의 경우 SOOP에서 라이브 스트리밍을 통해 팬들과 소통하고 있다.

SOOP 관계자는 ""자사 플랫폼을 통해 게이머와 유저, 스트리머들이 구분없이 활동하며, 지속적인 커리어를 쌓아갈 수 있는 선순환 생태계를 강화할 예정""이라고 전했다.",[],https://imgnews.pstatic.net/image/003/2024/06/10/NISI20240610_0001572023_web_20240610151902_20240610173022306.jpg?type=w647
전주실내체육관 건립 첫 삽…“복합스포츠타운 중심 역할 기대”,임충식 기자 (94chung@news1.kr),2024.06.10. 오후 3:52,https://n.news.naver.com/mnews/article/421/0007591832?sid=102,"6000명 수용 규모로 건립…2026년 완공 예정
10일 전북 전주시 혁신로 일원에서 열린 전주실내체육관 건립공사 착공식에서 우범기 전주시장과 국주영은 전북특별자치도의장 등 참석자들이 시삽을 하고 있다. 2024.6.10/뉴스1 ⓒ News1 유경석 기자


(전주=뉴스1) 임충식 기자 = 전북 전주시 복합스포츠타운 중심시설인 전주시실내체육관 건립사업이 첫 삽을 떴다.

10일 전주월드컵경기장 인근 전주 복합스포츠타운 부지(덕진구 혁신로)에서 ‘전주실내체육관 건립 착공식’이 개최됐다. 착공식에는 우범기 전주시장과 이기동 전주시의회 의장, 국주영은 전북특별자치도의회 의장을 비롯한 내·외빈 등 100여 명이 참석했다.

앞서 시는 실내체육관 신축사업을 추진해왔다. 기존 체육관이 지난 1973년에 조성된 만큼, 시설 노후화로 인한 다양한 문제가 제기되면서다.

이번에 신축되는 실내체육관은 지하 1층~지상 3층에 연면적 1만4225㎡, 수용 인원 6000명 규모로 건립될 예정이다. 총사업비는 652억 원이 투입된다.

이 곳은 배드민턴과 배구, 탁구, 농구 등 실내 체육 종목과 문화공연이 가능한 다목적 시설로 조성된다.

특히 시는 새로운 실내체육관에 대한 시민들의 이용 편의를 극대화해 시민들이 보다 안전하고 생동감 있고, 지속 가능한 체육 여가 활동을 영위하도록 할 계획이다. 동시에 다양한 문화행사를 치를 수 있는 복합문화공간 기능도 해나갈 수 있도록 준비하기로 했다.

시는 실내체육관 건립공사가 계획대로 마무리되면 향후 각종 전국대회와 국제경기 등 다양한 스포츠 대회 및 문화행사를 유치하는 데도 큰 도움이 될 것으로 기대하고 있다.

우범기 전주시장은 이날 착공식에서 “새로운 실내체육관은 시민들에게 더 나은 체육활동 환경을 제공하는 것뿐 아니라 전주가 스포츠와 문화행사의 중심지로 거듭나는 데 큰 역할을 할 것으로 기대한다”면서 “신축될 새로운 실내체육관을 전국에서도 손꼽히는 최고의 시설로 만들겠다”고 말했다.

한편 실내체육관 신축 부지인 덕진구 여의동 일대에는 기존 월드컵경기장을 비롯해 현재 공사가 추진 중인 육상경기장과 야구장, 국제수영장 등 대규모 체육시설이 집적화된다. 시는 스포츠시설 집적화를 통해 이곳을 국내 최고 수준의 전문스포츠시설 타운으로 만들겠다는 구상이다.",[],https://imgnews.pstatic.net/image/421/2024/06/10/0007591832_001_20240610155216335.jpg?type=w647
“인류 최고의 스포츠는 OOO”…이영표의 심장을 뛰게 만든 이것은[이헌재의 인생홈런],이헌재 기자 uni@donga.com,2024.06.10. 오후 12:01,https://n.news.naver.com/mnews/article/020/0003569597?sid=103,"전 축구 국가대표 이영표가 3월 열린 2024 서울마라톤 겸 제94회 동아마라톤에서 첫 풀코스를 완주한 뒤 기념 메달을 들어보이고 있다. 이영표는 첫 풀코스 도전에서 서브4에 성공했다. 이영표 인스타그램
‘초롱이’라는 별명으로 한 시대를 풍미했던 전 축구 국가대표 이영표(47)는 올해 3월 자신의 버킷리스트 하나를 이뤘다. 2024 서울마라톤 겸 제94회 동아마라톤에서 첫 풀코스(42.195km)에 도전해 완주한 것이다. 3시간 57분 만에 골인해 목표했던 ‘서브4(4시간 이내 완주)’도 성공했다.

이 대회에선 모두 1만8000명이 풀코스를 뛰었다. 이영표는 그중 7400번째로 골인했다. 그보다 앞서 결승선을 통과한 여성 마라토너도 1000명이 넘었다. 그는 “먹고 뛰는 게 일이었던 나 같은 축구 선수 출신도 훈련 없이는 완주 못 하는 게 마라톤이다. 반면 아무리 체력이 약한 사람도 준비만 제대로 하면 완주할 수 있다”며 “아무나 할 수 없지만 반대로 누구나 할 수 있는 게 마라톤의 매력”이라고 말했다.

잉글랜드 프리미어리그에서 뛰었던 이영표와 박지성의 한 이벤트 대회 경기 모습. 동아일보 DB
선수 시절 그는 악착같은 플레이로 유명했다. 작은 키의 핸디캡을 남들보다 한 발 더 뛰어서 만회하려 했다. 그는 “선수 시절 내내 나 자신을 극한까지 밀어붙이면서 뛰었다”고 했다. 그랬기에 은퇴 후 그는 자연스럽게 뛰는 것을 멀리했다.

그가 다시 달리기와 인연을 맺게 된 것은 은퇴 후 스포츠 양말 사업을 할 때였다. 사업차 연예계의 달리기 마니아로 유명한 가수 션을 만난 게 계기였다. 그는 “션 형님은 당시에도 항상 뛰고 있었다. 언젠가 같이 한 번 뛰자고 하길래 10km를 함께 뛰었다. 오랜만에 뛰어서인지 너무 힘들기만 했다”고 했다. 반면 뛰는 게 일상인 션의 표정은 편안하기 그지없었다.

다음 만남 때 다시 함께 10km를 뛰었다. 아무리 열심히 해도 션을 따라잡을 수 없었다. 그러다 한순간 깨달음이 왔다. “달리기는 기분이 좋은 상태도 기분 좋을 만큼만 뛰면 된다”는 것을.

올해 서울마라톤을 완주한 이영표(왼쪽에서 두 번째)와 달리기 마니아로 유명한 가수 션(오른쪽에서 두 번째)의 모습. 동아일보 DB
어느샌가 그는 달리기의 매력에 푹 빠져 있었다. 선수 때는 그렇게 힘들기만 했던 달리기가 이제는 뛰고 나면 상쾌한 기분을 느끼게 했다. 무엇보다 달리는 것 자체가 재미있었다.

그는 션과 ‘언노운 크루’라는 러닝 크루를 만들었다. 축구 선수 출신으로는 그와 조원희가, 연예인으로는 이시영 임시완 박보검 양동근 윤세아 등이 크루에 가입했다. 언노운 크루는 단순히 달리는 것을 넘어 세상에 선한 영향을 끼치는 것을 목표로 하고 있다. 매년 광복절에 81.5km를 달리는 815런을 통해 독립유공자 후손들의 보금자리를 지원하기 위한 기금을 모으는 게 대표적이다.

이영표는 “달리기는 가장 원초적이면서도 건강에도 좋은 스포츠다. 아마도 인류가 만들어낸 최고의 스포츠가 아닐까 싶다”라며 “누구나 마음만 먹으면 시간과 장소에 구애받지 않고 할 수 있다. 운동화만 있으면 되니 비용도 크게 들지 않는다”고 말했다.

이영표는 달리기와 함께 사이클도 병행한다. 이영표 인스타그램
이영표가 처음부터 풀코스를 뛰려고 한 것은 아니었다. 2019년 처음 달리기를 시작했을 땐 10km 마라톤에 가끔 나가는 정도였다. 그러다 하프 마라톤을 뛰게 됐고, 마침내 풀코스에도 도전장을 내밀었다. 그는 “풀코스 마라톤은 준비하지 않으면 절대 할 수 없다. 2021년부터 2년간은 프로축구 강원FC 대표이사로 일하면서 좀처럼 준비할 기회가 없었다. 작년 말부터 다시 풀코스를 착실히 준비했다”고 했다.

첫 풀코스 출전이다 보니 시행착오도 있었다. 수분 섭취가 중요하다는 말을 듣고 출발 전 물을 너무 많이 마신 게 문제였다. 결국 5km 정도 달리다가 인근 카페의 화장실을 이용해야 했다. 이 때문에 시간을 많이 잡아먹어 서브4가 위태로워 질 뻔했다.

하지만 두 명의 페이스 메이커가 그를 도왔다. 힘들 때는 옆에서 같이 뛰어줬고, 보급이 필요할 때는 물과 에너지 젤 등을 가져다줬다. 그는 “인생을 마라톤에 비유하곤 하는데 이번 대회를 통해 또 하나의 깨달음을 얻었다. 인생도, 마라톤도 주변 사람들과 함께해야 한다는 것”이라며 “그분들은 나를 위해 자신들의 속도를 줄여서 뛰었다. 그분들이 아니었으면 서브4는 물론 완주도 쉽지 않았을 것이다. 도움을 받고, 또 도움을 주는 게 삶의 본질인 것 같다”고 했다.

이영표(왼쪽)가 2022년에 열린 월드컵 레전드 올스타전에서 송종국과 함께 그라운드를 누비고 있다. 동아일보 DB
원래 그는 풀코스 한 번이면 족하다고 생각했다. 하지만 이번 레이스를 통해 마음을 바꿨다. 이영표는 “페이스 메이커 분들의 도움을 받아 목표를 이뤘으니 이제는 내가 누군가의 페이스 메이커로 보답해야 마음이 편할 것 같다”며 “서브4의 페이스 메이커를 하려면 3시간 30분대는 끊어줘야 한다. 착실히 실력을 쌓아서 나도 누군가에게 도움이 되는 사람이 되고 싶다”고 했다.

그런 이유로 그는 요즘 뛰고 또 뛴다. 언노운 크루 멤버들과 일주일에 2, 3차례는 아침마다 5~10km 가량을 달린다. 틈틈이 자전거도 탄다. 로드 바이크를 타고 경기 팔당까지 왕복 40km를 다녀올 때도 있고, 실내 자전거를 타기도 한다. 그는 “달리기를 많이 하면 다리과 허벅지 근육이 빠진다. 그 빠진 근육을 채워주는 게 바로 사이클”이라며 “모든 건강의 척도는 허벅지란 말이 있지 않나. 허벅지 근력 강화에는 사이클만한 운동이 없다”고 했다.

이영표는 몇 해 전부터 KBS의 축구해설위원으로 활동하고 있다. 2018 러시아 월드컵 당시 이광용 캐스터와 함께 기념 사진을 찍었다. 이영표 인스타그램
이 밖에도 그의 일상은 각종 운동으로 가득 차 있다. 그는 테니스와 배드민턴, 골프도 즐긴다. 선수 시절 말엽 캐나다 밴쿠버 화이트캡스에서 뛸 당시부터 그는 종종 테니스를 치곤 했다. 요즘에는 서울 성동구 성수동에 있는 실내 체육관에서 동호인들과 배드민턴으로 땀을 흘리곤 한다. 지인들과는 가끔 골프를 치는데 평균 스코어는 80대 중반이다. 예전 캐나다에 있을 때는 싱글도 여러 차례 기록한 적이 있다. 은퇴한 축구 선수들끼리 한 달에 한 번씩 모여 공도 찬다.

하지만 여전히 메인 운동은 러닝과 근력 운동이다. 별다른 일이 없으면 러닝으로 하루를 시작하고 일주일에 2, 3차례는 피트니스센터에 가서 근육 운동을 한다. 오랜 시간 하기보다는 10분, 20분을 하더라도 집중해서 한다.

술과 담배는 하지 않는 이영표는 바닐라 라테를 마시며 소소한 행복을 느낀다. 이헌재 기자 uni@donga.com
강원FC 대표, 대한축구협회 부회장 등을 지낸 그는 요즘 한 지상파 방송의 축구해설위원과 축구 예능 프로그램 출연, 축구사랑나눔재단 이사, 스포츠선교회 이사 등으로 왕성하게 활동하고 있다. 대학교나 일반 회사에 특강도 종종 나간다.

그가 여전히 가장 관심 있는 분야는 축구 행정이다. 그는 “선수 은퇴 후 지도자가 돼 후배들에게 기술과 노하우를 전하는 것도 의미 있는 일이다. 하지만 유럽에 진출해 경험을 하다 보니 행정을 잘하면 축구가 더 발전하는 모습을 봤다”며 “후배들이 마음 놓고 축구를 할 수 있는 환경을 만들어 주는 게 중요하다. 좋은 지도자분들은 이미 많이 계신다. 나는 행정을 하는 사람으로 한국 축구에 기여하고 싶다”고 말했다.

선수 생활의 마지막 2년을 스포츠 비즈니스가 발달한 캐나다 밴쿠버에서 한 것도 같은 이유다. 그는 밴쿠버 화이트캡스에서 은퇴한 후에도 5년간 팀의 앰배서더로 활동하며 구단 운영 등을 꾸준히 배웠다.

EPL 토트넘에서 뛰던 이영표(왼쪽)이 일본인 축구 스타 나카타 히데토시와 공을 다투고 있다. AP뉴시스
그는 돈과 명예를 쫓으며 살고 싶진 않다고 했다. 그가 추구하는 삶은 일상에서 소소한 행복을 느끼고, 다른 사람을 사랑하며 사랑받는 삶이다.

이영표는 “예전의 나는 성공하는 게 인생 목표였다. 원하는 것을 가지면 행복할 줄 알았다. 하지만 전혀 그렇지 않았다. 은퇴 후 엄청난 허무감에 시달리기도 했다”며 “몇 해 전 어느 날 쌀쌀한 날씨 속에서 내가 좋아하는 바닐라 라테를 마시다가 문득 행복하다고 느꼈다. 마침 옆에는 사랑하는 아내도 있었다. 행복이라는 파랑새는 먼 곳에 있지 않았다”고 했다. 그는 “지인 중에 다른 사람의 임종을 함께 해주시는 목사님이 있다. 그분이 ‘죽기 전 돈과 명예, 권력을 얘기하는 사람은 한 명도 없다. 주변 사람을 더 많이 사랑하지 못한 걸 아쉬워하는 분들이 대부분’이라고 하시더라. 나도 그 말씀을 새기면서 남은 인생을 살아갈 것”이라고 말했다.","['염치없지만 예산좀더주십쇼 ㅋㅋㅋㅋ', '술 담배도 안하시고..마음가짐도 외모도 참 멋지세요 저도 꾸준히 운동중인데요 꼭 마라톤 도전해 봐야겠어요', '영표님,정말 멋져요^♡^', '보기좋네', '이영표 인성도 인품도 노력도 참 멋지다...']",https://imgnews.pstatic.net/image/020/2024/06/10/0003569597_001_20240610130417635.jpg?type=w647
"대경대 K-스포츠지원센터, 지원금 5700만원 받게 돼",박준 기자(june@newsis.com),2024.06.10. 오전 10:25,https://n.news.naver.com/mnews/article/003/0012595636?sid=102,"2024 대학운동부 평가·지원 사업 선정
대경대 남자 축구부 *재판매 및 DB 금지
[경산=뉴시스] 박준 기자 = 대경대학교 K-스포츠지원센터는 한국대학스포츠협의회(KUSF)가 주관하고 문화체육관광부와 국민체육진흥공단이 후원하는 2024 대학운동부평가 및 지원 사업에 선정됐다고 10일 밝혔다.

사업비는 5700만원으로 대구경북 전문대학 중 최다 지원금을 받게 됐다.

한국대학스포츠협의회(KUSF)는 사업자 선정을 위해 4개 평가영역과 14개 평가지표, 42개 세부 평가항목으로 대학 운동부 대상으로 평가를 진행해 최종 대학을 선정했다.

지원금은 앞으로 대학운동부 훈련비와 훈련용품비, 대회출전비 등에 사용되게 된다.

대경대는 현재 대학 K-스포츠지원센터 소속 운동부로 6개부(태권도, 축구부-남자, 축구부-여자, 복싱, 골프, 양궁) 200여명의 선수들이 활동하고 있다.

박력 K-스포츠지원센터장은 ""K-스포츠지원센터 구성원들의 노력으로 좋은 평가를 받았다""며 ""대학 운동부 선수들이 전국대회에서 좋은 성적을 나타내고 있는 만큼 앞으로 안정적인 활동을 이어갈 수 있도록 적극적인 지원을 센터에서 해 나가겠다""고 말했다.",[],https://imgnews.pstatic.net/image/003/2024/06/10/NISI20240610_0001571560_web_20240610101850_20240610102622957.jpg?type=w647
때론 짜릿하게 때론 편안하게… 스포츠카 닮은 SUV,이영관 기자 ykwan@chosun.com,2024.06.11. 오전 12:56,https://n.news.naver.com/mnews/article/023/0003839562?sid=101,"[타봤습니다] 벤츠 고성능 AMG

메르세데스 벤츠의 중형 SUV ‘AMG GLC 43 4MATIC’이 경기도 용인시 AMG 스피드웨이 서킷을 달리고 있다./메르세데스 벤츠

패밀리카가 주는 안정감과 스포츠카의 짜릿함. 어울리지 않는 두 단어가 조화롭게 공존할 수 있다는 걸 메르세데스 벤츠의 고성능 브랜드 AMG 차량을 타보고 깨달았다. 최근 경기도 용인시 AMG 스피드웨이에서 중형 SUV ‘AMG GLC 43 4MATIC’과 준중형 SUV ‘AMG GLB 35 4MATIC’을 타고 서킷(경주장)을 달렸다.

‘AMG GLC 43 4MATIC’은 지난 4월 출시된 3세대 완전 변경 모델이다. AMG 모델에만 적용되는 세로형 라디에이터 그릴을 전면에 내세운 묵직한 차체가 인상적이었다. 차 길이가 4750mm로 이전 모델 대비 80mm 늘어났고, 휠베이스(앞뒤 축 간 거리)도 2890mm로 15mm 길어졌다. 실내 공간이 더 넉넉해졌다는 뜻이다.

서킷에 진입하고 나서 드라이빙 모드를 스포츠로 변경하고 액셀러레이터를 밟았다. 발끝에서 차량의 출력이 느껴지며, 순식간에 속도가 올랐다. 2L의 4기통 가솔린 엔진과 9단 변속기를 중심으로 한 마일드 하이브리드 시스템이 탑재됐다. 최고 출력 421마력(ps)을 발휘해 정지 상태에서 4.8초면 시속 100㎞까지 도달한다. 뒷바퀴를 움직일 수 있는 ‘리어 액슬 스티어링’ 기능이 있어 코너를 안정적이고 매끄럽게 돌았다.

큰 차체가 빠른 속도로 움직이며 전달하는 짜릿함은 ‘AMG GLC 43 4MATIC’이 더 컸지만, ‘AMG GLB 35 4MATIC’은 편안함을 줬다. 최고 출력도 306마력(ps)으로 고성능 차로 부르기에 충분하다. 오히려 작은 차체 덕에 급히 감속하지 않아도 코너를 안정적으로 돌았다. 복합 연비도 9.5km/L로, GLC 모델(8.5km/L)에 비해 더 높다. 일상에서 스포츠카의 성능을 경험하고 싶은 이에게 더 적합한 선택지일 수 있단 생각이 들었다.",[],https://imgnews.pstatic.net/image/023/2024/06/11/0003839562_001_20240611005647536.jpg?type=w647
한중 국제야구 교류전 창녕스포츠파크서 열린다,안지율 기자(alk9935@newsis.com),2024.06.09. 오전 7:54,https://n.news.naver.com/mnews/article/003/0012594223?sid=102,"10~11일 창녕스포츠파크 야구장에서
[창녕=뉴시스] 2024 한중 국제야구 교류전 포스터. (사진=창녕군 제공) 2024.06.08. photo@newsis.com *재판매 및 DB 금지


[창녕=뉴시스] 안지율 기자 = 경남 창녕군은 오는 10일부터 11일까지 창녕스포츠파크 야구장에서 열리는 '2024 한중 국제야구 교류전'에 한국 대학 올스타팀과 중국 장쑤성 프로야구단(장쑤 휴즈홀스)이 맞붙는다고 9일 밝혔다.

하드스포츠와 부곡온천관광협의회가 주최하고, 한국대학야구연맹이 주관하는 이 대회는 10일 오후 2시에 시작되며, SOOP(옛 아프리카 TV)에서 생중계될 예정이다.

이번 경기에는 대학 올스타와 성인 대표팀에 선발됐던 좌완 에이스 강민구(연세대), 191cm 장신의 손힘찬(동아대)이 최고 구속 148km/h의 직구를 던지며, 대학 통산 9홈런 55타점을 기록한 강타자 김동현(성균관대) 등 한국 대학 야구의 에이스들이 대거 출전한다.

중국 장쑤성 프로야구단(장쑤 휴즈홀스)은 2023년 독립야구단 경기도리그와의 친선 경기에서 전승을 거둔 강팀으로, 치열한 한중 대결이 예상된다.

군 관계자는 ""이 교류전을 통해 한중 양국 선수들의 실력을 가늠하고, 미래의 야구 스타들을 미리 볼 수 있는 의미 있는 경기가 될 것이다""며 ""수준 높은 경기를 기대하며 많은 관중이 경기장을 찾아줄 것을 희망한다""고 말했다.",[],https://imgnews.pstatic.net/image/003/2024/06/09/NISI20240608_0001570791_web_20240608085458_20240609075515841.jpg?type=w647
때론 짜릿하게 때론 편안하게… 스포츠카 닮은 SUV,이영관 기자 ykwan@chosun.com,2024.06.11. 오전 12:56,https://n.news.naver.com/mnews/article/023/0003839562?sid=101,"[타봤습니다] 벤츠 고성능 AMG

메르세데스 벤츠의 중형 SUV ‘AMG GLC 43 4MATIC’이 경기도 용인시 AMG 스피드웨이 서킷을 달리고 있다./메르세데스 벤츠

패밀리카가 주는 안정감과 스포츠카의 짜릿함. 어울리지 않는 두 단어가 조화롭게 공존할 수 있다는 걸 메르세데스 벤츠의 고성능 브랜드 AMG 차량을 타보고 깨달았다. 최근 경기도 용인시 AMG 스피드웨이에서 중형 SUV ‘AMG GLC 43 4MATIC’과 준중형 SUV ‘AMG GLB 35 4MATIC’을 타고 서킷(경주장)을 달렸다.

‘AMG GLC 43 4MATIC’은 지난 4월 출시된 3세대 완전 변경 모델이다. AMG 모델에만 적용되는 세로형 라디에이터 그릴을 전면에 내세운 묵직한 차체가 인상적이었다. 차 길이가 4750mm로 이전 모델 대비 80mm 늘어났고, 휠베이스(앞뒤 축 간 거리)도 2890mm로 15mm 길어졌다. 실내 공간이 더 넉넉해졌다는 뜻이다.

서킷에 진입하고 나서 드라이빙 모드를 스포츠로 변경하고 액셀러레이터를 밟았다. 발끝에서 차량의 출력이 느껴지며, 순식간에 속도가 올랐다. 2L의 4기통 가솔린 엔진과 9단 변속기를 중심으로 한 마일드 하이브리드 시스템이 탑재됐다. 최고 출력 421마력(ps)을 발휘해 정지 상태에서 4.8초면 시속 100㎞까지 도달한다. 뒷바퀴를 움직일 수 있는 ‘리어 액슬 스티어링’ 기능이 있어 코너를 안정적이고 매끄럽게 돌았다.

큰 차체가 빠른 속도로 움직이며 전달하는 짜릿함은 ‘AMG GLC 43 4MATIC’이 더 컸지만, ‘AMG GLB 35 4MATIC’은 편안함을 줬다. 최고 출력도 306마력(ps)으로 고성능 차로 부르기에 충분하다. 오히려 작은 차체 덕에 급히 감속하지 않아도 코너를 안정적으로 돌았다. 복합 연비도 9.5km/L로, GLC 모델(8.5km/L)에 비해 더 높다. 일상에서 스포츠카의 성능을 경험하고 싶은 이에게 더 적합한 선택지일 수 있단 생각이 들었다.",[],https://imgnews.pstatic.net/image/023/2024/06/11/0003839562_001_20240611005647536.jpg?type=w647
종합경기장 허물고...종합스포츠타운 건설 추진,제주방송 하창훈(chha@jibs.co.kr)윤인수(kyuros@jibs.co.kr),2024.06.10. 오후 9:04,https://n.news.naver.com/mnews/article/661/0000041200?sid=102,"종합경기장 허물고...종합스포츠타운 건설 추진
JIBS 제주방송
재생
212
00:00
02:29



(앵커)
50년이 넘은 제주종합경기장 일대를 스포츠 타운으로 바꾸는 방안에 대한
밑그림이 제시됐습니다.

총 사업비만 7천억원 가량으로 예상되는데, 민자 유치 방식이 거론되고 있습니다.

하창훈 기잡니다.

(리포트)

제주종합경기장 일대 주요시설이 만들어진건 지난 1960년대부터 80년대.

22만 제곱미터가 넘는 제주에서 유일한 대규모 종합스포츠시설로, 도민체전과 전국체전 등 다양한 스포츠행사가 이 일대에서 진행돼 왔습니다.

하지만 시간이 지나며 안전 문제가 계속 제기됐습니다.

주요시설이 30년 이상 사용되면서 노후화가 심각해졌기 때문입니다.

하창훈 기자
""특히 신규체육시설 건립을 위한 부지확보에도 한계를 겪으며, 지속적인 유지관리 비용도 부담으로 작용돼 왔습니다.""

제주자치도가 이 곳을 모두 허물고 종합스포츠타운을 건립하는 계획을 마련했습니다.

총 3단계로 예상되는 이 사업은 1단계 복합엔터테인먼트 시설, 2단계 야구장 리모델링, 3단계 실내 테니스장 등의 순으로 진행되게 됩니다.

예상되는 사업비는 7천억 원.

용역진은 민자유치 방식을 제시했습니다.

1단계 사업 시 호텔과 면세점, 영화관 등을 만들어, 수익을 통해 2단계 사업과 3단계 사업을 추진한다는 것입니다.

김양보 /제주자치도 문화체육교육국장
컨벤션이라든지 특히 도민들, 가족들이 같이 참여할 수 있는 어떤 영화관이라든지 레저 엔터테인먼트 시설도 같이 가미되게 되면 충분히 투자 유치를 저희가 받을 수 있다고 보고 있습니다.

용역진은 수익 창출을 통해 투자와 개선이 이뤄지는 순환구조모델이 될 것으로 기대했습니다.

김민철 /조선대학교 스포츠산업학과 교수
시민들에게는 접근성이 뛰어난 체육시설을 제공하고요. 또 그러한 인구 밀집도의 어떤 특성들을 활용하면서 제2, 제3의 어떠한 수익 창출을 낼 수 있는 구조, 그리고 그걸 가지고 지속 가능성을 만들어내는 게 이번 스포츠 클러스터를 만드는 가장 중요한 목적이었습니다.

제주자치도는 관련 기관과 전문가 의견 수렴 등을 거쳐 최종 계획을 발표할 예정입니다.

하지만 민자 유치와 임대 수익을 재투자 하는 방식에 따른 변동성이 크다는 점과,

2천억원이 넘는 공적 자금이 투입돼야 하는 등 앞으로 해결해야 할 과제도 적지 않습니다.

JIBS 하창훈입니다.

영상취재 윤인수",['종합 경기장이나 스포츠 타운이나 뭐가 다른건가?~다 똑 같은 말 아닌가?~비러머글 이제는 대 놓고 관에서 외래어를 남발 하는구만?~이러니 어린 아이들이 자신도 모르게 사대주의에 깊숙하게 빠져 들어가는거다~비록 혈세 날강도질로 전직 대통령 예우 박탈 당하고 깜빵까지 갔지만 그래도 전통은 집권하자마자 곧바로 외래어 사용 금지부터 시켰었다~그리고 삼청 교육대~연예인들 외래어 이름과 간판들 싸그리 한글로 바꾸도록 했고~비록 억울하게 당한 사람들도 있었지만 삼청 교육대 덕분에 전통 집권시에는 밤길 걱정하지 않고 지냈었다~~~~'],https://mimgnews.pstatic.net/image/upload/office_logo/661/2022/01/24/logo_661_6_20220124173713.png
"""치매 어머니, 모시기 힘들어"" 차에 태워 바다로 돌진",조근영(chogy@yna.co.kr),2024.06.10. 오후 3:56,https://n.news.naver.com/mnews/article/001/0014737802?sid=102,"목포해경, 모친·형 살해 혐의 동생 긴급체포


목포해경 청사.
[전남 목포해양경찰서 제공]


(목포=연합뉴스) 조근영 기자 = 지난 9일 발생한 전남 무안 선착장 스포츠유틸리티차량(SUV) 해상 추락으로 인한 모자 사망 사고는 차를 운전했던 아들이자 동생의 범행으로 드러났다.

목포해양경찰서는 10일 해상 추락 사고를 내 어머니와 형을 숨지게 한 혐의(존속 살해 및 자살 방조)로 A(48)씨를 긴급체포했다고 밝혔다.

해경에 따르면 A씨는 전날 오후 5시 4분께 전남 무안군 현경면 홀통 선착장 인근에서 스포츠유틸리티차량(SUV)을 몰고 바다로 돌진한 것으로 드러났다.

이 사고로 차에 함께 타고 있던 A씨의 어머니와 형이 심정지 상태에서 발견돼 인근 병원으로 옮겨졌으나 숨졌다.

A씨는 사고 직후 인근에 있던 주민에 의해 구조돼 병원 치료를 받고 있다.

미혼인 A씨는 형과 함께 모시던 어머니의 치매 증세가 갈수록 심해지자 이 같은 범행을 저지른 것으로 알려졌다.

해경은 조사를 끝나는 대로 A씨에 대한 구속영장을 신청할 예정이다.

chogy@yna.co.kr","['아고... 알츠하이머 치료제가 어서 나오기를.. 노벨상 10개줘도 부족하다....', '시설에 모시면돼지 그렇다고 형과 엄마를 죽이나 살인자를 키웠네 나는 치매엄마를 4년넘게 모시다가 돌아 가셨는데 더잘해주지 못한것만 생각나고 늘그립고 보고 샆던데 어쩜저럴까 이해가 안가네 자기도 이담에 늙는다 치매안걸린다 보장이있나 자식들이 보고 배운다', '마음이 너무 아프다. 형제가 얼마나 힘들었으면..', '형은 왜죽인거야?']",https://imgnews.pstatic.net/image/001/2024/06/10/C0A8CAE2000001646DE49BE200000009_P4_20240610155716968.jpg?type=w647
"기아 모닝, 스포츠카로 변신?…2024년식 ‘GT 라인’ 추가",김준 선임기자 jun@kyunghyang.com,2024.06.10. 오전 10:24,https://n.news.naver.com/mnews/article/032/0003301306?sid=103,"기아가 2024년식 ‘모닝’을 출시한다고 10일 밝혔다.

2024년식 모닝은 외관이 날렵해진 GT 라인 트림을 새롭게 추가한 것이 가장 큰 특징이다.

2024년식 모닝. 기아 제공


라디에이터 그릴과 인테이크 그릴을 넓히고 16인치 휠, 블랙 하이그로시 사이드실 몰딩, 디퓨저가 적용된 후면 범퍼 등을 채용해 다른 트림과 차별화했다.

헤드램프, 주간주행등, 전면부 방향지시등, 센터 포지셔닝 램프에 모두 LED를 기본으로 적용했으며, 실내에는 D컷 스티어링 휠과 메탈 페달을 적용했다.

시그니처 트림부터는 국내 내연기관 경차로는 처음으로 전자식 주차 브레이크(EPB)와 오토 홀드 기능을 기본 탑재했다.

모닝 콕핏. 기아 제공


또 선택 사양이던 16인치 휠 및 후륜 디스크 브레이크를 시그니처 트림에 기본 적용했다. 시그니처 트림 선택 사양에는 정차 및 재출발 기능이 포함된 스마트 크루즈 컨트롤 기능을 실었다.

상위 트림에만 있던 슬라이딩 센터 콘솔 암레스트와 C타입 USB 단자도 프레스티지 트림부터 적용했다. 2024년형 모닝 전체 모델의 모든 트림에는 차량용 소화기가 장착돼 안전성도 강화했다.

가격은 1.0 가솔린 트렌디 1325만원, 프레스티지 1500만원, 시그니처 1725만원, GT 라인 1820만원 등이다.","['아.....', '모닝 GT라........고속도로 좀 밟아?...자빠진다']",https://imgnews.pstatic.net/image/032/2024/06/10/0003301306_001_20240610135415084.png?type=w647
할머니 몰던 차에 손자 사망… 제조사 처음으로 입 열었다,김유민 기자,2024.06.10. 오후 3:24,https://n.news.naver.com/mnews/article/081/0003456663?sid=102,"“차량에 기계적 결함 없어” 공식입장
2022년 12월 강원 강릉에서 발생한 스포츠유틸리티차량(SUV)의 급발진 의심 사고 현장. 연합뉴스
2022년 12월 6일 강릉 홍제동에서 스포츠유틸리티차량(SUV) 한 대가 굉음과 함께 하얀 배기가스를 분출하며 앞서가던 차량을 들이받았다. 해당 SUV는 1차 추돌 이후에도 속도를 줄이지 못한 채 600m가량을 더 주행했고, 다른 차들을 피해 달리다 왕복 4차로 도로를 넘어 지하 통로에 추락한 뒤에야 멈췄다. 이 사고로 운전자인 60대 할머니 A씨가 크게 다쳤고, 조수석에 타고 있던 12살 손자 이도현 군이 숨졌다.

“사랑하는 손자를 잃고 저만 살아남아서 미안하고 가슴이 미어진다.”

차량 제조사인 KG모빌리티를 상대로 약 7억 6000만원 규모의 손해배상 청구 소송을 제기한 도현군 가족은 지난 4월 사고 현장 도로에서 사고 상황을 재연하는 국내 첫 재연시험을 진행했다.

경찰이 도로를 통제하고 법원에서 선정한 전문 감정인의 참관 하에 진행된 재연시험은 사고 차량과 동일한 ‘2018년식 티볼리 에어’ 차량에 제조사 측이 제공한 변속장치 진단기를 부착해 진행됐다. 변속기 진단기는 차량속도와 분당 회전수(RPM), 기어단수 등 데이터를 실시간 기록하는 장치다.

도현군 가족의 소송 대리를 맡은 법률사무소 나루 하종선 변호사는 “제조사 측 주장과 달리 변속 패턴이 이번 실제 주행에서 나온 수치들과 맞지 않았다”고 밝혔다.

재연시험에서 이뤄진 기어 변속 정보를 토대로 실제 속도와 변속패턴 설계 자료상의 예측 속도를 비교했을 때, 일치하는 사례는 1∼2건에 그쳤고 8∼9건은 최소 시속 4∼7㎞에서 최대 시속 54∼81㎞까지 차이가 벌어졌다.

제조사는 변속패턴 설계자료를 토대로 사고기록장치(EDR) 자료상 가속페달 변위량이 100%(풀 액셀)인 상태에서 충돌 4.5∼5초 전 분당 회전수(RPM)가 5900에서 4초 전 4500으로 떨어지는 현상에 대해 기어가 3단→4단으로 변속됐기 때문이라고 주장해왔다. 하 변호사는 이에 대해서도 “변속패턴 설계자료대로 속도 변화가 이뤄지지 않음이 확인된 이상 제조사 주장을 인정하기 어렵다”고 선을 그었다.

‘차량에는 결함이 없고, 운전자의 페달 오조작’이라는 국립과학수사연구원의 분석 결과와 비교해도 이번 재연시험의 속도와 RPM, 변속단수 등이 현저히 달랐다.
강릉 급발진 의심 사고 AEB 기능 재연시험 - 2022년 12월 이도현(사망 당시 12세) 군이 숨진 차량 급발진 의심 사고와 관련해 27일 오후 강원 강릉시 강릉교회 주차장에서 ‘자동 긴급 제동장치’(AEB) 기능 재연시험이 진행됐다. 사고 차량과 같은 2018년식 티볼리 에어 차량이 모닝 차량과 동일한 크기의 모형 스티로폼 앞에서 AEB 기능 작동으로 인해 멈추어 서 있다. 2024.5.27 연합뉴스
도현군이 탑승한 차량이 모닝을 추돌하기 직전 시점으로 되돌아가 시속 40㎞에서 변속 레버를 주행(D)으로만 두고 2∼3초간 풀 액셀을 밟았을 때, 실제 속도는 시속 40→73㎞, RPM은 3000→6000, 기어는 4단→2단→3단으로 변속된 것으로 나타났다.

기어가 중립(N)인 상태에서 속도가 시속 40㎞, RPM이 6200∼6400으로 일정했다는 국과수의 분석과 엇갈린다.

국과수는 ‘운전자가 변속레버를 굉음 발생 직전 D→N, 추돌 직전 N→D로 조작했다’고 분석했으나, 도현군 가족은 앞서 음향분석 감정을 통해 ‘변속레버 조작은 없었다’고 반박했다. 할머니가 기어 D 상태에서 운전한 게 사실이라면 국과수의 분석은 완전히 틀렸다는 게 도현군 가족의 주장이다.

모닝 추돌 이후 상황을 가정해 풀 액셀을 밟았을 때의 주행데이터도 국과수의 분석과 완전히 달랐다.

재연시험에서는 시속 44㎞에서 120㎞까지 가속하는 데 18초가 걸린 반면, 국과수의 분석에서는 40㎞에서 116㎞까지 가속하는 데 24초가 걸렸다.

RPM 그래프도 재연시험은 단순한 직선 형태를 보인 반면 국과수는 여러 굴곡이 생기는 형태를 보였다. 변속패턴 역시 재연시험(4단→2단→3단→4단)과 국과수 분석치(2단→3단→4단→3단→4단→3단) 간 차이가 컸다.

감정인은 “가속페달과 변속기어 주행 형태를 볼 때 풀 액셀로 주행할 경우 국과수의 감정서 내용과 같은 변속기어 패턴이 발생하기 어려운 것으로 추정된다”고 분석했다.

시속 110㎞에서 5초 동안 풀 액셀을 밟은 시험을 두 차례 진행했을 때도 속도가 각각 124㎞와 130㎞가 나와 국과수의 분석치(시속 116㎞)보다 속도의 증가 폭이 컸다.

도현군 가족은 이같은 재연시험 결과를 토대로 “할머니는 페달 오조작을 하지 않았음이 입증됐다”며 “페달 오조작이 아니므로 차량 결함에 의한 급발진”이라고 주장했다.

또 EDR이 할머니가 사고 전 마지막 5초 동안 풀 액셀을 밟았다고 기록하면서도 속도가 시속 110㎞에서 116㎞로 6㎞밖에 증가하지 않은 것과 모닝 추돌 후 40㎞에서 116㎞에 달할 때까지 무려 24초나 걸린 것은 할머니가 브레이크를 밟았기 때문이라고 덧붙였다. 도현군 할머니는 사고 당시 “이게 왜 안 돼”라고 외치며 브레이크가 작동하지 않았음을 시사했다.
지난해 12월 강릉에서 차량 급발진 의심 사고로 12살 손자를 잃고, 교통사고처리 특례법상 치사 혐의로 입건된 60대 할머니가 20일 첫 경찰조사를 마치고 아들의 부축을 받으며 경찰서를 떠나고 있다. 2023.3.20 연합뉴스
제조사 “사실과 다른 부분이 있다”

차량 제조사인 KG모빌리티(이하 KGM·옛 쌍용자동차) 측은 10일 첫 공식 입장을 내놨다.

KGM은 “불의의 사고로 인해 아픔을 겪고 있을 유가족(원고)에게 또 다른 상처가 될 것을 우려해 입장 표명을 자제하며 법원에서 상세히 소명해왔지만, 원고 측의 재연시험 결과 발표 등에 대해 사실과 다른 부분이 있다”며 조목조목 반박했다.

KGM은 크게 ▲지난 4월 19일 진행됐던 공식 재연시험 방법이 사고 당시 모습과 상이한 점 ▲KGM이 제안한 추가 주행 시험 결과 국과수와 유사한 결과가 나온 점 ▲원고들이 지난 5월 27일 진행한 자동 긴급 제동장치(AEB) 기능 재연시험은 객관성이 결여된 점 등 3가지를 주장했다.

우선 원고의 감정 신청에 따라 이뤄진 공식 재연시험에 관해 “해당 시험은 모든 주행 구간에서 가속페달을 100% 밟았음을 전제로 진행됐으나, (그 근거는) 운전자가 가속페달을 100% 밟았음을 기록한 사고기록장치(EDR) 데이터의 기록이 전부”라고 주장했다.

EDR은 에어백이 터질 정도로 강한 충격이 있어야 사고 기록을 저장하되 그 기록은 에어백이 전개된 때로부터 소급해서 ‘마지막 5초’뿐이기 때문에 모든 주행 구간에서 ‘풀 액셀’을 밟은 건 실제 사고 당시 상황을 재현한 것으로 볼 수 없다는 취지다.

KGM은 또 “법원에서 지정한 감정인의 감정 결과 ‘운전자가 모든 주행 구간에서 가속페달을 100% 밟았다고 볼 수 없다’는 결론에도 반하는 조건으로 재연시험이 이뤄졌다”고 했다.

재연 시험에서 시속 110㎞에서 5초 동안 풀 액셀을 밟은 시험을 두 차례 진행했을 때도 속도가 각각 124㎞와 130㎞가 나와 EDR 기록을 토대로 한 국과수의 분석치(시속 116㎞)보다 속도 증가 폭이 컸던 점도 문제 삼았다.

KGM은 “사건 차량은 EDR 데이터가 기록되기 이전에 다른 차량을 추돌하는 등 큰 충격이 있었기 때문에 정상 차량과 동일한 수준으로 가속될 수 없는 상황이었다”고 반박했다.
국내 첫 급발진 의심 사고 재연 시험 - 강원 강릉에서 2022년 12월 이도현(사망 당시 12세) 군이 숨진 차량 급발진 의심 사고와 관련해 차량의 결함에 의한 급발진 여부를 밝힐 ‘재연 시험’이 19일 오후 강릉시 회산로에서 진행됐다. 도현 군의 아버지 이상훈씨가 재연 시험을 지켜보고 있다. 2024.4.19 연합뉴스
차량 결함으로 인해 가속이 느렸다거나 도현이 할머니가 브레이크를 밟았기 때문에 속도 증가가 더뎠던 게 아니라 사고 충격으로 인해 정상 가속될 수 없었다는 주장이다.

KGM은 “사건 차량이 실제로 시속 100㎞로 주행한 구간은 오르막으로, 재연 시험은 평지에 가까운 구간에서 이뤄져 데이터의 차이가 발생했다”고 주장했다.

KGM은 “원고들이 시행한 주행 시험과 별개로 이 사건 사고 당시 조건에 따라 KGM의 제안에 의해 실시된 감정 결과, 감정인은 국과수 사고조사보고서와 유사한 패턴을 보였다고 분석했다”고 강조했다.

그러면서 제조사의 변속 패턴이 재연시험에서 나온 수치들과 맞지 않는 점에 대해서도 감정인의 해석 오류가 있었음을 지적하며 보완 감정을 신청하겠다는 뜻을 밝혔다.

KGM은 끝으로 “원고들이 자체적으로 진행한 AEB 재연시험은 법원을 통하지 않은 사적 감정으로, 객관성이 담보된 증거 방법이라 보기 어렵다”고 지적했다.

이어 “운전자가 다른 차량을 추돌할 당시 가속 페달을 60% 이상 밟았기 때문에 AEB가 작동하지 않은 채 경고음만 울렸던 것”이라며 “원고들의 주장이 타당하지 않다는 점은 이미 입증된 부분”이라고 반박했다.

KGM은 “국과수가 블랙박스 영상을 비롯한 수많은 영상과 녹음된 주행음 분석 등 여러 방면에서 면밀한 검토를 통해 차량에 기계적 결함이 없다고 나온 사고조사보고서를 법원에 제출했다”며 “재판 과정에서 위 결론을 뒤집을만한 증거가 전혀 발견되지 않은 상황”이라고 강조했다.","['쌍용 진짜 이미지 안좋은짓만 골라서 하네', '원래 제조사는 급발진 절대 인정안한다..왜냐 그거 인정하는순간..조때니까..', '할머니 몰던 차에 손자 사망… 제조사 처음으로 입 열었다// 처음으로 입 열었다에서 분노가 치민다. 그래도 자사 제품을 구입한 고객인데, 사고가 난 후 첫 공식 입장이라면 얼마나 이나라 국민들을 호구로 생각하고 있는거냐? 쳐다보기도 싫은 기업이다.', '제조사측에서 바보가 아닌 이상 절대 인정 안하지 도끼로 자기 발등 찍겠냐??? 법에서 인정하는 수 밖에 없음', '좀 인정좀 해라.']",https://imgnews.pstatic.net/image/081/2024/06/10/0003456663_001_20240610154110636.jpg?type=w647
"쏠라이트 인디고 레이싱, '인디고TV'서 '우먼 인 모터스포츠' 티저 공개",장도민 기자 (jdm@news1.kr),2024.06.10. 오전 9:00,https://n.news.naver.com/mnews/article/421/0007590279?sid=101,"현대성우그룹 제공


(서울=뉴스1) 장도민 기자 = 현대성우그룹 모터스포츠팀 '쏠라이트 인디고 레이싱'은 지난 7일 공식 유튜브 채널 '인디고TV'를 통해 시즌6 '우먼 인 모터스포츠'(Women in Motorsports)의 티저를 공개했다고 10일 밝혔다.

인디고TV는 2019년 개설 이후 매 시즌 브이로그, 다큐, 예능 등 다양한 장르의 콘텐츠를 시도하고 있다. 특히 지난해 선보인 '더 레코드 라인'(The Record Line)은 1997년 창단 이후 팀의 히스토리를 담은 미니 다큐로 팬들의 큰 호응을 받은 바 있다.

시즌6 콘텐츠로 공개한 우먼 인 모터스포츠는 흥미유발과 감동의 두 마리 토끼를 모두 잡기 위해 다양한 여성 인플루언서들과 협업하여 제작했다. 이를 통해 모터스포츠 콘텐츠의 새로운 장을 여는 한편, 여성의 모터스포츠 분야 참여를 응원하고 모터스포츠 대중화의 일환으로 남녀노소 즐길 수 있는 대중적이고 재미있는 콘텐츠를 제공하는 것이 목표다.

콘텐츠를 이끌어 갈 '인디고 우먼스'(INDIGO WOMANS)로는 방송인 서동주, 가수 조정민, 카레이서 권봄이, 드리프트 선수 에리카박의 네 명의 여성 인플루언서가 활약할 예정이다. 이들은 다양한 경험과 훈련을 통해 도전을 거듭하며 모터스포츠의 진면목을 알아가는 과정을 보여줄 계획이다.

이와 함께 여성 드리프트 선수가 쏠라이트 인디고 레이싱의 지원을 받아 현대 N 페스티벌 아반떼 N컵 스프린트 레이스에 도전하는 스페셜 챌린지를 담을 예정이다

현대성우그룹 관계자는 관계자는 ""인디고 TV 시즌6에서는 다양한 인플루언서와의 콜라보를 통해 시청자들에게 좀 더 재미있고 유용한 콘텐츠를 제공하고자 한다""며 ""이번 콘텐츠를 통해 모터스포츠 분야에서 활동 중인 모든 여성들을 응원하고, 더 많은 여성 인재들이 다양한 분야에서 자신의 역량을 펼칠 수 있기를 바란다""고 말했다.

인디고 TV 시즌 6 본편 1화는 오는 14일 오후 5시 인디고 TV 유튜브 채널에서 공개될 한다.",[],https://imgnews.pstatic.net/image/421/2024/06/10/0007590279_001_20240610090022949.jpg?type=w647
"페이커 ""돈·명예는 한시적…좋은 영향력 끼치는 사람 되겠다""",김주환(jujuk@yna.co.kr),2024.06.07. 오전 9:01,https://n.news.naver.com/mnews/article/001/0014733157?sid=105,"LoL '전설의 전당' 헌액 간담회…""은사는 김정균 감독, 라이벌은 쵸비""


전설의 전당 헌액 소감 밝히는 페이커
(서울=연합뉴스) 서대연 기자 = 리그 오브 레전드(LoL) '페이커' 이상혁이 6일 오후 서울 중구 신라호텔 영빈관에서 열린 전설의 전당 헌액 미디어데이 행사에서 인터뷰하고 있다. 2024.6.7
dwise@yna.co.kr


(서울=연합뉴스) 김주환 기자 = ""프로 생활을 하면서 항상 굴곡이 많았는데요, 팬들이 저를 보고 역경을 이겨냈다는 이야기를 편지로 접할 때마다 '의미 있는 선수 생활을 하고 있구나'란 생각이 듭니다""

리그 오브 레전드(LoL) e스포츠 '전설의 전당' 초대 헌액자가 된 T1의 '페이커' 이상혁은 6일 서울 중구 신라호텔 영빈관에서 열린 기념식 기자 간담회 자리에서 이같이 말했다.

페이커는 자신의 가치관에 대해 ""돈이나 명예는 한시적이고, 이를 추구하다 보면 더 큰 돈과 명예를 좇을 수밖에 없다고 본다""며 ""그보다는 어떻게 하면 좋은 영향력을 끼칠 수 있을까 고민하고 실천하고 싶다""고 설명했다.

그러면서 ""제가 성장하는 과정을 지켜보는 많은 팬도 배움이 있었으면 좋겠다""고 덧붙였다.

페이커는 2013년 처음 프로로 데뷔한 이래 11년째 T1의 미드 라이너로 활약하고 있다. 데뷔 첫 해 국제대회 월드 챔피언십(롤드컵) 우승을 시작으로 총 4회 롤드컵을 제패했고, 국내리그 LCK도 10회 우승이라는 대기록을 세우며 국내·국제대회 최다 우승자 타이틀을 자체 갱신해왔다.

페이커는 자신의 은사로 현재 T1 감독이자 과거 팀 코치인 '꼬마' 김정균 감독을 꼽았다.

페이커는 김 감독에 대해 ""데뷔 초부터 함께 활동했고, 행동 하나하나에 많은 영향을 받으며 제가 좋은 선수로 성장할 수 있게 된 자양분이 됐다""고 감사를 표했다.

'전설의 전당' 트로피 바라보는 페이커
(서울=연합뉴스) 서대연 기자 = 리그 오브 레전드(LoL) '페이커' 이상혁이 6일 오후 서울 중구 신라호텔 영빈관에서 열린 전설의 전당 헌액 미디어데이 행사에서 트로피를 바라보고 있다. 2024.6.7
dwise@yna.co.kr


선수 생활의 라이벌을 묻는 말에는 ""누구 하나만을 고르기 어려울 정도로 많다""면서도 ""최근 젠지와 T1이 결승전에서 많이 만나고 있다""며 젠지의 미드 라이너 '쵸비' 정지훈을 꼽았다.

가장 인상 깊은 동료로는 현재 T1 멤버들을 들며 ""오랫동안 같이 했다 보니 정도 많이 들었고, 올해도 함께 많은 업적을 이루고 싶다""고 말했다.

페이커는 높은 실력뿐 아니라 선행과 모범적인 언행으로도 많은 찬사를 받아왔다.

페이커는 이에 대해 ""어릴 때부터 신중한 성격이라 공인으로 활동하는 게 그렇게 어렵지 않았고, 오히려 잘 맞았다""고 말했다.

그러면서 ""요즘 자극적인 매체들이 많고 특히 어린 시청자들은 그런 매체의 영향을 많이 받는다. 그래서 더 절제되고 바람직한 삶을 살려고 노력하고 있다""고 강조했다.

소속 게임단이나 리그가 자주 바뀌는 다른 선수들과 달리, 페이커는 선수 생활 도중 단 한 차례도 이적하지 않고 T1을 지켜왔다.

페이커는 ""입단할 때부터 좋은 구단이라 생각했고, 이제 선수가 아니라 일원이 됐다는 느낌이 든다""면서 ""LoL e스포츠 판이 변화를 겪으며 이적을 고민하는 순간도 많았지만 여러 가치가 T1과 가장 잘 맞았고, LCK도 전 세계에서 가장 수준이 높은 리그""라며 T1에서 커리어를 지속한 이유를 설명했다.

전설의 전당 트로피 받은 페이커 '엄지척'
(서울=연합뉴스) 서대연 기자 = 리그 오브 레전드(LoL) '페이커' 이상혁이 6일 오후 서울 중구 신라호텔 영빈관에서 열린 전설의 전당 헌액 미디어데이 행사에서 트로피와 함께 기념 촬영을 하고 있다. 2024.6.7
dwise@yna.co.kr


한국이 전 세계 e스포츠 대회에서 보이는 높은 실력에 대해 페이커는 ""우리나라가 게임에 대한 관심도가 전 세계적으로 가장 높은 만큼 예견돼 있었다고 생각한다""며 ""좋은 선수 풀이 있고, 그런 선수끼리 서로 배우고 성장할 수 있는 환경 덕분이라 본다""고 말했다.

그러면서 오는 7월 사우디아라비아에서 열리는 e스포츠 월드컵에 대해서는 ""e스포츠가 성장하는 하나의 과정을 목격하는 것 같다. 새로운 대회에 참가하는 데 의의를 두고 있다""고 언급했다.

질의응답에서는 라이엇게임즈가 지난달 말 서울 중구 '하이커 그라운드'에 연 기념 공간 '페이커 신전'도 언급됐다.

페이커는 ""신전이라는 단어가 부담스럽긴 하지만 어쨌든 가볼 생각""이라며 ""많은 분이 거기서 '대상혁(大 + 이상혁) 예배'를 하시던데, 저도 예배 한 번 드리고 오겠다""고 말해 좌중에 웃음을 자아냈다.

페이커 ""쉿""
(서울=연합뉴스) 서대연 기자 = 리그 오브 레전드(LoL) '페이커' 이상혁이 6일 오후 서울 중구 신라호텔 영빈관에서 열린 전설의 전당 헌액 미디어데이 행사에서 '쉿' 세리머니 포즈를 취하고 있다. 2024.6.7
dwise@yna.co.kr


jujuk@yna.co.kr","['대.상.혁', '페이커가 연합뉴스 기사로 뜰 줄이야. 항상 응원합니다.', '킹!상!혁!', '멋지다', '말도 참 이쁘게 한다.인성도 실력도 정말 대단한 사람.']",https://imgnews.pstatic.net/image/001/2024/06/07/AKR20240606071300017_01_i_P4_20240607162211489.jpg?type=w647
"[영상] ""우~ 우~"" 배현진 시구 나서자 '야유' 쏟아져…""스포츠 이용하는 짓 안 했으면"" vs ""시구했다고 욕먹는 상황 웃겨"" 야구팬들의 엇갈린 반응",이미선 작가,2024.06.10. 오후 6:14,https://n.news.naver.com/mnews/article/055/0001162212?sid=102,"서울 송파을을 지역구로 둔 배현진 국민의힘 의원이 어제(9일) 서울 잠실구장에서 열린 '2024 신한 SOL BANK KBO리그' 두산 베어스와 KIA 타이거즈의 경기 시구를 했습니다. 

그런데 시구에 앞서 마운드에 올라 마이크를 잡고 인사말을 하자 일부 관중들로부터 '우~'하는 야유를 받았습니다. 

배현진 의원은 덤덤한 표정으로 시구를 마친 뒤 자신의 SNS에 ""포심 패스트볼 도전했는데 예전만큼은 어렵네요"" ""작년에 아시안게임에서 선전한 우리 잠실 명문 배명고의 톱스타 곽빈 선수도 만나고 영광스러운 하루였다"" ""기아 팬들이 관중석 2/3만큼 꽉 메우셨던데 원정경기 즐거우셨길요"" ""우리 잠실 홈팀 두산과 LG, LG와 두산. 한국시리즈를 향해 gogo! 응원한다"" 내용이 담긴 글을 게재했습니다. 

이후 야구 커뮤니티와 SNS 등에는 반응이 엇갈렸는데요. ""전두환이 정치적 목적으로 만들었다지만 정치인들이 본인들 입지 위해 스포츠 이용하는 짓 좀 안 했으면 좋겠다"" ""글 하나로 세 팀 모두 열받게 하기 쉽지 않을 텐데…곽빈은 아시안게임에서 컨디션 문제로 단 한 구도 못 던졌다"" ""제발 의정 활동만 열심히 좀 하세요"" 등 이야기가 나오는 반면 ""시구했다고 욕먹는 상황이 좀 웃기다"" ""열심히 응원할게요, 두산과 엘지 서울 연고팀들 사랑해 주세요"" 응원의 목소리도 나오고 있습니다. 

(구성 : 이미선, 편집 : 김초아, 제작 : 디지털뉴스제작부)","['이러니 광주가 욕먹는거임', '어차피 호남은 국힘세종대왕과 민주당바퀴벌레가 나와도 바퀴에 90%몰표하는 종족이니 ,신경쓸것도 없다', '배현진 이여자도 관종임 ㅡ홍준표 이준석 과 어울리더니. 관종팔이로 정치판에서 기생하는 야바위 부류ㅡ', '호남독립 찬성합니다.', '전라도 수준 ㅋㅋㅋㅋㅋ']",https://mimgnews.pstatic.net/image/upload/office_logo/055/2019/03/19/logo_055_57_20190319175019.jpg
"디도스 공격, 6개월째 속수무책…T1, 결국 스트리밍 무기한 중단",오동현 기자(odong85@newsis.com),2024.06.10. 오후 5:38,https://n.news.naver.com/mnews/article/003/0012597162?sid=105,"T1, 라이엇에 해결책 요구…""금전적 손해"" 호소
라이엇 ""기존 방법으론 해결 안돼…모든 조치 다할 것""
[서울=뉴시스] 사진공동취재단 = 19일 서울 구로구 고척스카이돔에서 열린 '2023 리그오브레전드(LoL·롤) 월드 챔피언십 결승전' 대한민국 T1과 중국 웨이보 게이밍의 경기를 찾은 팬들이 응원을 하고 있다. 2023.11.19. photo@newsis.com
[서울=뉴시스] 오동현 기자 = 리그오브레전드(LoL) e스포츠를 겨냥한 디도스 공격이 도를 넘어섰다. 6개월 간 계속된 디도스 공격에 지친 T1은 선수단의 스트리밍 방송을 무기한 중단키로 했다. LoL 개발사 라이엇 게임즈 측은 새로운 공격 수법에 문제 해결책을 쉽사리 내놓지 못하고 있다.

10일 e스포츠 업계에 따르면, T1은 소셜미디어 X를 통해 스트리밍 방송의 무기한 중단을 알리고 라이엇 게임즈에 문제 해결을 촉구하는 입장문을 발표했다.

디도스란 한꺼번에 많은 접속 통신량으로 서버에 과부하를 일으켜 서비스를 중단하게 만드는 사이버 공격의 일종이다.

T1은 ""우리 선수단을 향한 디도스 공격은 지난 6개월간 계속돼 왔다. T1 뿐만 아니라 디도스로 영향을 받은 다른 팀들이 정상적인 훈련을 재개할 수 있도록 라이엇코리아와 라이엇게임즈가 해결책을 마련할 것을 요구했으나 아직 해결책은 마련되지 않은 상황""이라며 고충을 토로했다.

올해 초부터 시작된 디도스 공격은 아프리카TV 등 스트리밍 플랫폼뿐만 아니라, e스포츠 대회 '리그오브레전드 챔피언스 코리아(LCK)'로 확산됐다. LCK는 수 차례 경기를 중단할 수 밖에 없었고, 끝내 녹화 중계를 결정하는 초유의 사태를 일으켰다.

특히 지난해 롤드컵(LoL 월드챔피언십) 우승팀 'T1'을 겨냥한 디도스 공격이 정도를 넘어섰다. 지난 MSI 기간 동안에는 라이엇 코리아와 함께 해결책을 강구해 디도스 공격으로부터 보호를 받을 수 있었지만, 최근엔 선수들이 제대로 된 연습을 하지 못할 정도로 사태의 심각성이 커진 분위기다.

*재판매 및 DB 금지


T1은 ""선수단이 디도스 공격으로 경기 준비에 영향을 받았음에도 불구하고 별도의 이의 제기 없이 최고의 경기력을 보여드리기 위해 노력해 왔다""고 전했다.

하지만 최근 선수와 함께 게임을 하는 플레이어가 대상이 돼 라이브 스트리밍 도중 솔로 랭크가 중단되는 등 새로운 문제가 발생한 것으로 전해졌다.

일각에서는 디도스 공격이 LoL 게임 클라이언트 내에서 IP가 외부에 노출돼 발생한 것으로 보고 있다.

업계에 따르면 T1은 중국 및 국내 라이브 스트리밍 플랫폼과 선수단의 스트리밍 계약을 맺고 있다. 그런데 T1이 스트리밍을 무기한 중단하기로 하면서 계약 해지 등 손해가 불가피할 것으로 보인다. 또 스트리밍 도중 광고 노출을 계약했던 스폰서들에게 위약금을 물어줘야 하는 상황에 놓일 수 있다는 우려가 나온다.

실제로 T1은 ""선수단의 스트리밍을 중단했고, 금전적 손해를 입게 됐다""고 고발했다.

그러면서 ""라이엇 게임즈를 믿고 지난 6개월 동안 디도스 공격을 감수해 왔다. 하지만 이제는 디도스 공격에 대해서 LCK와 구단 차원에서 취할 수 있는 조치의 범위를 넘어갔다고 생각한다""며 ""라이엇 코리아와 라이엇 게임즈가 나서서 문제를 해결해줄 것을 요구하고 이 문제를 대중과 함께 나누고자 한다""고 전했다.

다만 ""라이엇 게임즈를 향한 비난을 원하지 않는다""면서 ""T1은 LoL 선수단이 남은 기간 공정한 환경에서 연습할 수 있도록 최선을 다할 것""이라고 밝혔다.

한편 라이엇 게임즈도 이번 디도스 사태의 심각성을 느끼고 있지만, 마땅한 해결책을 내놓지 못하는 상황이다.

라이엇게임즈의 안드레이 반 룬 리그 스튜디오 총괄은 이날 X를 통해 ""T1이 스트리밍을 종료한 이유를 완전히 이해한다. 우리는 몇 달 동안 T1과 협력해 왔으며 이전에 T1 본사 공격을 초래했던 문제를 해결했다. 하지만 최근 사건은 이전의 공격과 달라 기존의 수정 사항으로는 해결되지 않았다""고 밝혔다.

이어 ""관련 부서에서 문제 원인을 조사하고 있고 공격을 완화할 수 있는 방법에 대해 지속적으로 논의 중이다. 이 문제 해결은 우리의 최우선 과제다. 원인을 조사하고 해결책을 찾기 위해 계속해서 모든 가용 자원을 배치할 계획""이라고 전했다．","['라이엇 진짜 무능력하다. 이런 환경 지속되면 프로경기에서 제실력도 못 보여줄텐데', '어쩌라고??']",https://imgnews.pstatic.net/image/003/2024/06/10/NISI20231119_0020135037_web_20231119214940_20240610181717455.jpg?type=w647
iM뱅크·대구FC 브랜드데이 16일,박준 기자(june@newsis.com),2024.06.10. 오후 3:24,https://n.news.naver.com/mnews/article/003/0012596655?sid=102,"[대구=뉴시스] 박준 기자 = iM뱅크는 시중은행 전환을 기념해 지역 연고팀인 대구FC 홈경기 응원 분위기 조성 및 대고객 스포츠 문화 조성을 위해 2024 iM뱅크–대구FC 브랜드데이를 개최한다고 10일 밝혔다.

다양한 사전 이벤트와 경기 중 행사, 지역민 초청 등의 일정으로 진행되는 올해 대구FC 브랜드데이는 오는 16일 DGB대구은행파크에서 개최될 예정이다.

행사 당일 경기는 오후 7시부터 진행될 예정으로 현장에 다양한 이벤트 존을 마련해 식전 분위기를 달구는 한편 하프타임 이벤트로 응원 분위기를 이어간다.

먼저 대구FC의 홈 경기장인 DGB대구은행파크 경기장 밖에서 사전행사로 iM뱅크의 금융상품별 홍보부스와 메인 게임 부스를 운영하며 경기장을 찾는 팬들을 위한 다양한 이벤트를 진행할 예정이다.

금융 상품별 홍보부스에서는 은행의 금융상품인 외환, 카드 등 그외 iM뱅크 유튜브, 인스타그램을 홍보하며 관련 게임 참여 후 다양한 경품을 제공하는 등 은행의 상품과 서비스에 손쉽게 다가 갈 수 있도록 고객 참여형 이벤트가 진행될 예정이다.

또 응원 열기를 북돋아 줄 수 있는 응원 클래퍼를 팬들에게 배부하는데 iM뱅크에서 직접 제작한 응원 클래퍼는 ESG를 위한 재생용지로 제작됐다.

경기 시작 전 오프닝 행사에서는 시중은행 전환 기념으로 은행장의 기념사 및 시축이 진행되며 임직원과 함께 시중은행 전환 기념 세레모니를 진행할 계획이다.

이어 경기 하프타임 중에는 시중은행 전환 광고 영상 송출 및 iM뱅크 스코어 맞히기, 전광판 이벤트 등 브랜드데이를 위한 풍성한 시간이 진행된다.

또 iM뱅크 앱에서 iM뱅크에서 대구FC 100% 즐기기 디지털 이벤트도 오는 13일까지 진행된다.

이벤트는 iM뱅크 앱 신규고객 및 기존고객 각 300명(1인2매)에게 선착순으로 브랜드데이 당일 입장권을 선착순 제공하며 무료 입장권 당첨자는 오는 14일 오후 쿠폰함에서 확인할 수 있다.

iM뱅크 쿠폰함으로 지급되는 무료 입장권은 오는 16일 당일 현장 티켓부스에서 지류 티켓으로 교환 후 입장이 가능하다.

이와 함께 오는 16일 오후 8시까지 당일 경기 스코어 맞추기 이벤트를 진행하며 스코어를 맞추는 고객들에게 추첨을 통해 올해 대구FC 선수 단체 친필 싸인 유니폼을 10명에게 제공한다. 당첨자 발표는 오는 19일이며 유니폼은 26일까지 지급된다.

iM뱅크 관계자는 ""시중은행 전환 후 대구FC 브랜드데이를 통해 처음 지역 연고팀 팬들에게 다양한 이벤트와 감사 인사를 드릴 수 있는 기회로 많은 고객들이 찾아 즐거운 시간을 보낼 수 있도록 준비했다""며 ""대구에 본점을 둔 가장 지역적인 시중은행을 목표로 하는 iM뱅크는 앞으로도 다양한 문화 지원 행사를 실시해 고객과 함께하는 ESG 경영을 지속하겠다""고 밝혔다.",[],https://imgnews.pstatic.net/image/003/2024/06/10/NISI20240610_0001572037_web_20240610152343_20240610152518880.jpg?type=w647
무안 선착장서 SUV 해상 추락…어머니와 아들 사망(종합),"손상원(sangwon700@yna.co.kr)
조근영(chogy@yna.co.kr)",2024.06.09. 오후 8:08,https://n.news.naver.com/mnews/article/001/0014736203?sid=102,"구조 작업
[목포해경 제공. 재판매 및 DB 금지]


(무안=연합뉴스) 조근영 손상원 기자 = 9일 오후 5시 4분께 전남 무안군 현경면 홀통 선착장 인근에서 스포츠유틸리티차량(SUV)이 바다로 추락했다는 신고가 접수됐다.

이 사고로 70대 여성과 50대 남성이 심정지 상태에 빠져 인근 병원으로 옮겨졌으나 숨졌다.

00:00
00:00



함께 차량에 타고 있던 40대 남성은 스스로 탈출했지만, 중상을 입어 광주 대학병원으로 이송됐다.

해경은 어머니와 아들 관계인 이들이 해산물을 채취한 뒤 세척하려고 선착장에 접근하다가 사고가 난 것으로 보고 정확한 경위를 조사하고 있다.

chogy@yna.co.kr

sangwon700@yna.co.kr","['보험들어있는지 확인해라.세상이 흉흉하다', '""전남도지사 특검하고 무안군수 구속하라. 추락사망자들 해상유공자 지정하고 진상구멍위 구성하라 피해자유족보상법 긴급발의하라"" 이상 남로당 긴급뉴스였습네다', '수사를 철저히 하라', '경찰도 네비도 믿을 수 없다... 오직 특검만이 답이다.', '특검하자']",https://imgnews.pstatic.net/image/001/2024/06/09/AKR20240609040651054_02_i_P4_20240610090713006.jpg?type=w647
제주종합경기장에 7천억 투입 ‘스포츠타운’ 조성 추진,유용두 (yyd9212@kbs.co.kr),2024.06.10. 오후 9:49,https://n.news.naver.com/mnews/article/056/0011738348?sid=101,"제주종합경기장에 7천억 투입 ‘스포츠타운’ 조성 추진
KBS뉴스
재생
98
00:00
00:50



[KBS 제주]노후화된 제주종합경기장을 '종합 스포츠타운'으로 재개발하는 사업이 추진됩니다.

오늘 제주도체육회관에서 열린 '종합스포츠타운 타당성·경제성 검토와 기본계획 수립 용역' 중간보고회에서 제주도 의뢰를 받은 용역진은 종합경기장 체육시설 절반이 35년 이상 낡은 시설로 매년 보수보강 비용이 투입되고 있다고 진단했습니다.

이에 따라 2026년부터 10년 동안 3단계에 걸쳐 민자유치와 임대수입 재투자 방식으로 7천억 원을 들여 기존 시설을 철거하고 면세점과 호텔, 컨벤션, 영화관 등이 결합된 복합 엔터테인먼트센터를 비롯해 신규 체육시설과 3천대 규모 지하 주차장 조성 등의 계획을 제시했습니다.",[],https://mimgnews.pstatic.net/image/upload/office_logo/056/2020/09/15/logo_056_6_20200915153508.png
