title,author,date,link,content,comments,image_url,index
"민주노총, ILO 사무총장 면담서 ""한국 정부, 노동탄압 심각""",고홍주 기자(adelante@newsis.com),2024.06.10. 오후 2:53,https://n.news.naver.com/mnews/article/003/0012596537?sid=102,"민주노총 대표단, ILO 총회서 사무총장에 역할 강화 주문
사무총장 ""한국 상황 예의주시 중…노조 억압해서는 안 돼""
[서울=뉴시스] 류미경 전국민주노동조합총연맹(민주노총) 국제국장이 스위스 제네바에서 열리는 국제노동기구(ILO) 총회에 참석해 질베르 웅보 ILO 사무총장을 만나 한국 정부의 노동탄압이 심각하다며 적극적인 의견을 내달라고 요청했다. 2024.06.09. (자료=민주노총 제공) *재판매 및 DB 금지


[서울=뉴시스] 고홍주 기자 = 전국민주노동조합총연맹(민주노총)이 국제노동기구(ILO) 총회에 참석해 한국 정부의 노동탄압이 심각하다며 적극적인 의견 표명을 요청했다.

민주노총은 10일(현지시각 9일) 스위스 제네바에서 열리는 제112차 ILO 총회에 참석해 질베르 웅보(Gilberg Houngbo) 사무총장과 면담을 갖고, 결사의 자유 협약 이행을 위한 노동조합법 개정과 최저임금 차등적용 도입 시도 등 현안에 ILO 역할 강화를 주문했다.

우선 민주노총은 제22대 국회에 이른바 '노란봉투법'으로 불리는 노조법 2·3조 개정을 요구하고 있다고 설명했다.

이들은 ""경찰과 사법 절차를 통한 노조 활동 탄압은 물론, 규약시정명령, 단협시정명령, 근로시간 면제한도 초과 단협 체결에 대한 시정지시 등 행정기관의 권한을 이용한 노조 자율성 침해까지 한국 정부의 노조탄압이 심각한 수준에 이르렀다""며 ""ILO 협약에 따른 법 개정(2·3조)이 실현될 수 있도록 ILO 견해가 한국 사회에 좀 더 자주, 정확하게 전달되기를 희망한다""고 했다.

이어 내년도 최저임금 수준을 논의하는 최저임금위원회에서 '업종별 차등적용' 주장이 나오고 있는 상황임을 알렸다.

또 한국은행이 올해 초 발간한 '돌봄서비스 인력난 및 비용 부담 완화 방안' 보고서를 언급하며 ""국책연구기관이 최저임금을 차등적용을 통해 ILO 협약 111호(고용·직업상 차별 철폐) 위반을 피해갈 우회로를 제시하고 있다""는 우려도 전했다.

이에 질베르 웅보 사무총장은 ""ILO가 모든 사안에 대해 매번 입장을 낼 수는 없지만, 2022년 싱가포르, 2023년 제네바에서 한국 노동자 대표단을 면담한 이후 한국 상황을 예의주시하고 있다""며 ""한국은 사회적 대화의 한 축을 담당할 노조를 억압하는 나라여서는 안 된다""고 답했다.

그러면서 ""ILO는 경찰도 재판소도 아니지만 여러 유엔(UN) 산하기구 중 가장 강력한 감시감독 매커니즘을 갖추고 있다""며 ""2025년 전문가위원회가 한국정부의 87호, 98호 협약 이행에 관한 평가를 담은 견해(Observation)를 제시하면 한국의 노사관계 법·제도 개선을 위한 또 한 번의 좋은 계기가 될 것""이라고 했다.

민주노총은 지난 4일 ILO 총회 기준적용위원회(Committee of Application of Standards)에 참석해 윤석열 정부 출범 이후 노조활동 탄압 및 노조 자율성 침해가 더욱 심각해지고 있다고 주장하기도 했다.

류미경 민주노총 국제국장은 이날 '노동행정에 관한 일반조사 토론'에 참석해 ▲정부의 노조 회계장부 자료제출 요구와 과태료 부과 ▲민주노총 4개 가맹조직에 대한 규약 시정명령 및 형사처벌을 위한 조사 ▲타임오프(노조 전임자 근로시간 면제제도) 운영실태 조사 및 한도 초과 단협에 대한 시정지시로 노사갈등 유발 ▲공공기관 및 지자체를 대상으로 한 단체협약 시정명령 등을 노조 탄압 사례로 언급했다.

류 국장은 토론에서 ""노사관계에 대한 행정 개입은 사회적 대화 및 노동행정 제도에 대한 노조의 의미 있는 참여에 해로운 환경을 조성했다""며 ""이번 토론의 결론문에 노동행정에서 노사단체의 자율성을 전적으로 존중할 것을 요청하는 강력한 메시지를 포함하기를 바란다""고 했다.

한편 ILO의 각국 정부의 비준 협약 이행 현황을 심의하는 '개별 사례 심의' 대상으로 우리나라 정부의 138호 협약(최업 최저연령) 불이행이 40개 예비목록에 올랐으나, 최종 심의대상에는 선정되지 못했다.

마크 리만 노동자그룹 대변인은 ""한국의 16세 또는 17세 청소년 노동자들이 현장 실습제도라는 명목 아래 안전하지 않은 노동조건에 노출되고 있고, 제대로 된 근로감독의 혜택도 누리지 못하고 있으며 실질적인 훈련도 거의 부재한 상태에 놓여있다""며 ""이 사례가 최종 목록에서 제외돼 심의할 수 없게 된 것은 유감""이라고 했다.","['탄압심각? 느그들은 제대로 하구?', '대한민국의 노동계는 상전중의 상전이다 채용서부터 진급등 투자까지 노조가 개입안하는게 있는줄아냐 조용하게 광주가서 관광하고 폭탄주나마시고 가시게 시끄럽게 하지말고...', '국제노동기구 총장님, 한국의 xx총은 이미 승패가 끝난 공산주의나 사회주의에 대한 미련을 버리지 못해, 지금도 노동을 무기로 국민을 겁박하고 탄압하는 조직입니다.', '민주노총. 간첩질 심각', '정신이 북한에 있네, 지구를 떠나라 재명아']",https://imgnews.pstatic.net/image/003/2024/06/10/NISI20240610_0001571926_web_20240610143116_20240610175029885.jpg?type=w647,1
"전북교육청, 국제바칼로레아 관심학교 18곳 선정",최영수(kan@yna.co.kr),2024.06.10. 오후 2:07,https://n.news.naver.com/mnews/article/001/0014737365?sid=102,"전북특별자치도교육청 청사
[전북특별자치도교육청 제공]


(전주=연합뉴스) 최영수 기자 = 전북특별자치도교육청은 학생 개개인의 미래 역량을 키우는 데 중점을 둔 IB(국제바칼로레아) 관심학교 18곳을 선정했다고 10일 밝혔다.

IB는 학생 중심 수업과 논술·서술형 평가를 통한 학습자의 주도적 성장을 추구하는 교육 체제다.

선정학교는 이리남초·전주교대 전주부설초 등 초등학교 7곳, 전주 덕일중·군산 회현중 등 중학교 6곳, 전주여고·김제 지평선고 등 고등학교 5곳이다.

IB 관심학교는 지난해 선정한 10곳을 포함해 총 28곳으로 늘었다.

민완성 도교육청 미래교육과장은 ""IB 프로그램을 도입한 수업과 평가 혁신을 통해 전북 학생들의 미래 역량을 높여 나가겠다""고 말했다.

kan@yna.co.kr",[],https://imgnews.pstatic.net/image/001/2024/06/10/PCM20240530000033990_P4_20240610140811936.jpg?type=w647,2
"SK텔레콤, CDMA 성과 국제적 인정…""AI로 또 한번 진화""(종합)",김보경 기자 bkly477@asiae.co.kr,2024.06.10. 오후 4:43,https://n.news.naver.com/mnews/article/277/0005429757?sid=105,"글로벌 ICT 학회서 성과 인정받아
이통산업 진출 특혜 시비 논란엔
유영상 대표 ""노력 폄훼 안타깝다""
SK텔레콤이 참여한 대한민국의 CDMA 성공 사례가 '글로벌 ICT 분야의 노벨상'으로 불리는 명예의 전당에 등재됐다. SKT는 앞으로 인공지능(AI) 분야에서도 개척자 정신을 발휘해 국가 산업 성장에 이바지하겠다고 밝혔다.

유영상 SKT CEO가 10일 본사 수펙스홀에서 열린 IEEE 마일스톤 수여식에서 환영사를 하고 있다.[사진 제공=SKT]


SKT는 한국전자통신연구원(ETRI), 삼성전자, LG전자가 함께 한 1996년 CDMA 대규모 상용화가 국제전기전자공학협회(IEEE)가 선정하는 우수 업적으로 뽑혔다고 10일 밝혔다.

이날 오후 서울 을지로 SKT 본사에서는 IEEE 마일스톤 수여식이 열렸다. 본사 외벽에 설치된 현판에는 대한민국 CDMA 상용화 주역인 SKT, ETRI, 삼성전자, LG전자의 사명과 산업에 기여한 성과 등이 기재됐다.

세계 최초 CDMA 상용화, IEEE 인정

IEEE는 1884년 토머스 에디슨과 그레이엄 벨 주도로 창설된 전기·전자공학 분야 세계 최대 학회다. 1983년부터 인류 사회와 산업 발전에 공헌한 역사적 업적에 시상하는 'IEEE 마일스톤' 프로그램을 운영하고 있다.

글로벌 ICT 분야의 노벨상으로 불리는 IEEE 마일스톤은 그동안 북미·유럽·일본과 같은 기술 강국이 90% 이상을 차지해왔다. SKT는 CDMA 사례로 국내 기업 최초로 선정 기업 반열에 이름을 올리는 영예를 안았다. SKT는 25년 이상 경과한 업적을 심사하는 IEEE의 절차를 고려해 2016년부터 민관 합작을 통한 CDMA 성공 사례를 등재하기 위해 노력해왔다.

SKT, ETRI, 삼성전자, LG전자는 이동통신의 수요 폭증에 대응해 통화용량을 아날로그 방식보다 10배 이상 증가시킬 수 있는 CDMA 디지털 이동통신 시스템 상용화에 성공했다.

당시 세계 기업들은 시분할 방식인 TDMA를 놓고 치열한 기술 경쟁을 벌였지만, 대한민국은 성장 잠재력이 획기적으로 높은 CDMA 상용화에 도전했다. 정부는 ETRI가 국내에 도입한 CDMA 기술을 기반으로 SKT 산하에 이동통신기술 개발사업관리단을 출범시켰다. 이후 삼성전자와 LG전자 등 국내 단말 제조사들이 적극 협력해 CDMA를 국가표준으로 단일화하고 세계 최초로 상용화할 수 있었다.

이날 기념식에 참석한 송상훈 과학기술정보통신부 정보통신정책실장은 ""1989년부터 1996년까지 7년간의 사업에 정부와 기업이 1000억원이 넘는 연구개발비와 연간 1000명이 넘는 대규모 인력을 투입했다""고 회고했다.

그는 ""불확실한 미래에도 불구하고 과감한 결단을 내린 정부와 국내 연구진, 제조사-통신사업자까지 모두 함께 힘을 모아 이룬 업적""이라며 ""지금은 6G 시대를 준비하고 있고, 앞으로도 이동통신 강국으로의 명성을 이어갈 것""이라고 내다봤다.

(사진 왼쪽부터)전국진 서울대학교 전기공학부 명예교수, 장길수 IEEE 서울 섹션 회장, 송상훈 과학기술정보통신부 정보통신정책실장, 고진 대통령직속 디지털플랫폼정부위원회 위원장, 캐슬린 크레이머 IEEE 차기 회장, 유영상 SKT CEO, 강종렬 SKT CSPO, 최원준 삼성전자 MX사업부 개발실장, 제영호 LG전자 C&M표준연구소 연구소장, 백용순 ETRI 입체통신연구소장이 10일 을지로 SKT본사에서 열린 현판 제막 행사에 참여했다.


CDMA 상용화를 계기로 대한민국은 단번에 이동통신 수입국에서 수출국으로 도약했다. 당시 세계 이동통신 시장은 우리 민관의 기술력을 기반으로 새롭게 발전했고 반도체 기술 개발에도 큰 영향을 미쳤다.

""누구도 가본 적 없는 AI 컴퍼니"" 개척

행사에는 캐슬린 크레이머 IEEE 차기 회장, 고진 디지털플랫폼정부위원회 위원장, 송 실장, 유영상 SKT 대표, 백용순 ETRI 입체통신연구소장, 최원준 삼성전자 MX사업부 개발실장, 제영호 LG전자 C&M표준연구소 연구소장이 참석했다.

이날 전 과학기술부 장관이자 SKT 부회장을 역임한 고(故) 서정욱 장관 유족에 감사패를 전달하는 시간도 가졌다. 고인은 SKT 재직 당시 CDMA 상용화를 이끌었던 경험을 바탕으로 IEEE 마일스톤 등재를 적극 추진해 대한민국의 ICT 역량을 세계에 알리는 데 기여했다.

유 대표는 환영사를 통해 ""과거 CDMA가 그랬듯이 이제는 AI라는 혁신적인 기술로 인해 우리의 미래는 전혀 다른 형태로 진화할 것""이라며 ""SKT가 나아가고자 하는 '글로벌 AI 컴퍼니'의 길 또한 그 누구도 가본 적 없는 새로운 길""이라고 강조했다.

이어 ""세계 최초 CDMA 상용화 과정에서 우리에게 새겨진 개척자의 DNA로 이번에도 우리 앞에 당면한 수많은 문제를 여기 계신 여러 관계자들과 합심해 헤쳐 나가겠다""고 밝혔다.

""SKT에 청춘 바쳐…성과 더욱 알릴 것""

SK그룹의 이동통신 사업 진출과 관련, 정치권의 특혜 시비에 대해 유 대표는 행사를 마친 뒤 기자들과 만나 ""SKT의 노력과 성과가 폄훼되는 것 같아 안타깝다""고 말했다.

최근 최태원 SK그룹 회장의 이혼 소송 2심 과정에서 재판부는 SK(당시 선경그룹)의 1994년 이동통신 사업 진출 과정에서 노태우 전 대통령의 유·무형적 기여가 있었다고 판단했다.

하지만 SK 측은 김영삼 정부 출범 이후 한국이동통신(현 SKT)을 인수해 이동통신 사업에 진출했는데, 마치 정경유착이나 부정한 자금으로 성장한 것처럼 법원이 곡해했다는 입장이다.

이에 대해 유 대표는 ""SKT 구성원으로서 저의 청춘을 SKT에 바쳤다""며 ""올해 40주년을 맞은 SKT의 CDMA 세계 최초 상용화와 같은 노력과 성과가 폄훼되는 것 같아서 안타깝게 생각한다""고 말했다.

그는 ""특혜가 아니라 정당한 방식으로 이동통신 사업에 진출했고, 아주 잘 경영해서 오늘날까지 온 것에 대해 SKT 구성원으로서 자랑스럽게 생각한다""며 ""이것이 세상에 널리 알려질 수 있도록 노력하겠다""고 덧붙였다.",[],https://imgnews.pstatic.net/image/277/2024/06/10/0005429757_001_20240610164414684.jpg?type=w647,3
"""민희진, 하이브 떠나라""…BTS 아미 국제청원 5만명 돌파",이혜수 인턴 기자(soo1025@newsis.com),2024.06.10. 오전 10:39,https://n.news.naver.com/mnews/article/003/0012595700?sid=102,"6월 10일 오전 10시 기준 청원에 동의 5만160명
청원자 ""민희진, 하이브 내 그룹들 잘못된 정보 유포""
(사진=해외 청원 사이트 change.org 캡처) *재판매 및 DB 금지


[서울=뉴시스]이혜수 인턴 기자 = 민희진 어도어 대표에게 하이브를 떠날 것을 요구하는 청원에 동의하는 방탄소년단(BTS) 해외 팬들이 5만명을 넘어섰다.

국제 청원사이트 ‘체인지닷오알지’에는 지난달 27일 ‘민희진은 하이브를 떠나라(MIN HEE JIN Leave HYBE Company)’는 제목의 청원이 올라왔다. 10일 오전 10시 기준 해당 청원은 5만160명의 동의를 얻었다.

청원자가 글을 올린 것은 민희진 대표가 하이브 소속 아티스트들에게 부정적 영향을 미친다는 이유에서다.

청원 글 작성자는 ""하이브 그룹 내 여러 구성원의 안녕과 사기에 영향을 미치는 중대한 문제에 대해 알려드리기 위해 글을 쓴다""고 청원 목적을 밝혔다.

이어 ""최근 특정 개인이 방탄소년단(BTS), 아일릿(ILLIT), 르세라핌(LE SSERAFIM)과 같은 그룹에 대해 잘못된 정보를 퍼뜨리고 괴롭힘을 주도하고 있다""고 주장했다.

작성자는 ""민 대표는 경쟁 하이브 그룹에 대한 허위 정보를 퍼뜨리고 BTS, 아일릿, 르세라핌을 앞세워 하이브의 가치 하락을 통해 계약을 해산하려는 의혹을 받고 있다""고 말했다.

그러면서 ""모든 그룹의 안전하고 존중받는 환경을 만들기 위해 이 문제를 신속하게 처리할 리더십이 중요하다고 생각한다""며 ""이 사안에 대해 철저하게 조사하고 괴롭힘과 잘못된 정보가 퍼지는 걸 막기 위한 적절한 행동을 하길 바란다""고 말했다.

작성자는 청원에 대한 근거로 민희진 대표가 하이브에 대항하기 위해 무속인과 문자를 나눴다는 기사와 무속인과 나눈 대화 등을 첨부했다.

작성자의 사용 명은 '아미 포에버(ARMY FOREVER)', 방탄소년단의 팬덤 명이 '아미(Army)'인 것을 비추어 볼 때 방탄소년단의 팬인 것으로 추측된다.

청원의 목표 청원 수는 3만5000명이었던 것으로 알려졌다.

한편 하이브는 5월 22일 민 대표가 하이브 경영권 찬탈을 시도했다는 이유로 어도어 경영진에 대한 감사를 착수하고 민 대표를 업무상 배임 혐의로 고발했다. 이에 민 대표는 하이브에 '뉴진스 표절' 문제를 제하며 보복성 해임이라고 반박했다.

5월 31일 하이브는 임시주주총회를 열어 민 대표의 해임을 시도했지만 법원은 민 대표가 하이브를 상대로 낸 의결권 행사 금지 가처분 신청을 받아들여 민 대표는 해임 위기에서 벗어났다.

재판부는 민 대표가 어도어를 독립적으로 지배할 방법을 모색한 것이 ""'배신'적 행위로는 볼 수 있지만 어도어에 대한 '배임 행위'가 된다고 하기엔 어렵다""고 밝혔다.

판결 이후 5월 31일에 열린 두 번째 기자회견에서 민 대표는 ""하이브와 타협점이 마련됐으면 좋겠다""며 하이브와 화해 의사를 표현하기도 했다.

국내 법원의 판결에도 불구하고 해외 여론은 여전히 민희진 대표에 대한 의혹이 들끓는 것으로 보인다．","['20년 넘는 엔터 경력 있는 대표가 기자회견 중 같은 회사 소속 레이블 그룹들 이름 거론하며 자기 레이블 그룹 카피 했다고 저격. 그로인해 코어 그룹 팬들끼리 온라인서 싸움남. 팬들이 싸울거란거 뻔히 알면서 고의로 그룹들 저격. 웃긴건 자기도 타 해와 그룹들 카피해서 노래, 댄스, 머리 옷 스타일, 뮤비 백그라운드 등등 다 자기 그룹에 씀. 대표 자격 없음.', '법원에서 어도어와 뉴진스를 민희진이 소유하려고 계획했다 판결한 시점부터 이번 법정싸움은 하이브 입장에선 당연하게 진행했어야 하는 겁니다 친구인 무당과 계획한 말을 사담이라 그러곤 뉴진스는 차별받았다 말해 하이브는 실질적인 피해를 입었으며 본 사건은 뉴진스의 차별찾기가 아닌 하이브 입장에선 정당한 주주들의 권리를 행사한 것 입니다', '진짜 민로남불인게 아일릿 르세라핌에 악플다는 뉴진스팬들 보고 뉴진스가 너무 싫어졌어요. 기자회견때 이미 느꼈는데 뉴진스를 정말 생각하는 사람이라면 이렇게까지 못합니다. 결국 민희진 본인 욕심 채우고 싶어 연기하는 사기꾼, 말투들은 죄다 거칠고 무식한 발언. 제2의 뉴프티뉴프티~', '나가라제발', ""6월 8일 글로벌 스포티파이 : 21위 정국 'NEVER LET GO'. 40위 정국 'SEVEN'. 50위 아일릿 '마그네틱'. 188위 뉴진스 'HOW SWEET'""]",https://imgnews.pstatic.net/image/003/2024/06/10/NISI20240610_0001571545_web_20240610100918_20240610115116987.jpg?type=w647,4
영동군 '일라이트' 국제표준시료 등록 가치 적극 홍보,장인수 기자 (jis4900@news1.kr),2024.06.10. 오전 10:10,https://n.news.naver.com/mnews/article/421/0007590512?sid=102,"미국 점토광물학회 회의에 대표단 파견
올해말 일라이트 논문 국외 SCI 학술지 투고
미국 하와이주 호놀룰루에서 열린 61회 미국점토광물학회 및 5회 아시아점토회의에서 영동 일라이트의 활용 가치를 설명하고 있다. (영동군 제공) /뉴스1


(영동=뉴스1) 장인수 기자 = 충북 영동군이 신비의 광석으로 불리는 '일라이트'를 국제 표준시료로 등록하기 위해 공을 들이고 있다.

영동군은 지난 3~7일 미국 하와이주 호놀룰루에서 열린 '61회 미국점토광물학회' 및 '5회 아시아점토회의'에 대표단을 보내 국내산 일라이트를 알리고 국제 표준시료 등록 가치 등을 홍보했다고 10일 밝혔다.

이번 방문에는 영동군 관계자와 함께 국제점토광물학회 회원인 연세대 김진욱 교수(지구시스템과학과)가 동행했다.

이들은 이 학회에서 다수의 영동일라이트 연구 결과를 발표했다. 미국 점토광물학회 협회의장을 만나 영동일라이트 산업화를 위한 국제 표준시료 등재의 필요성을 설명했다고 전했다.

영동군은 올해 말 일라이트 광물학적 분석과 논문을 국외 SCI 학술지에 투고하고, 내년에 영동 일라이트 표준시료 등재를 위한 내부 절차를 진행할 계획이다.

이어 2026년 미국 점토과학회 주관 학회 발표, 영동 일라이트 논문 작성 및 국외 SCI 저널 게재를 계획하고 있다. 해외 광물 전문가 컨설팅과 영동 일라이트 국제 표준시료 최종 등재를 목표로 하고 있다.

국제 표준시료가 되면 학계의 주목을 받게 돼 활용 폭이 넓어진다.

일라이트는 1937년 미국 일리노이주에서 처음 발견됐다. 중금속 흡착과 유기물 분해 능력이 탁월해 '신비의 광석'으로 불린다.

영동에는 국내에서 가장 많은 5억톤 이상이 묻힌 것으로 추정한다.

영동군은 일라이트를 미래 먹거리 산업으로 만들기 위해 2017년 이 지역 15개 광구(2030㏊)의 광업권을 확보했다. 190억원을 들여 연구개발의 거점 역할을 할 지식산업센터도 건립 중이다.

군 관계자는 ""일라이트를 100년 먹거리로 육성하기 위해 표준시료 등재 등에 집중할 것""이라고 말했다.

충북 영동군 일라이트 원석 / 뉴스1 ⓒ News1",[],https://imgnews.pstatic.net/image/421/2024/06/10/0007590512_001_20240610101116102.jpg?type=w647,5
"발로란트 마스터스 상하이, 젠지 한국팀 최초 국제 대회 우승",안희찬 게임진 기자(chani@mkinternet.com),2024.06.10. 오전 11:10,https://n.news.naver.com/mnews/article/009/0005316252?sid=105,"발로란트 마스터스 상하이 우승을 차지한 젠지. <제공=라이엇 게임즈 이스포츠>.
2024년 발로란트 이스포츠의 2번째 국제 대회인 마스터스 상하이에 참가한 젠지가 결승전까지 6전 전승을 거두며 퍼시픽 및 한국 팀 최초로 국제 대회에서 우승했다.

라이엇 게임즈(한국 대표 조혁진)는 젠지가 지난 9일 중국 상하이 푸둥신구에 위치한 메르세데스 벤츠 아레나에서 진행된 발로란트 마스터스 상하이 결승전에서 EMEA 2번 시드인 팀 헤레틱스(TH)를 3대2로 꺾고 우승을 차지했다고 10일 밝혔다.

젠지는 우승 트로피와 함께 미화 35만 달러(한화 약 4억 8000만 원), 챔피언십 포인트 3점을 얻었다.

마스터스 상하이 우승을 통해 챔피언십 포인트 3점을 추가한 젠지는 총 12점으로, 퍼시픽 팀들 가운데 챔피언십 포인트 1위로 치고 나갔다.

젠지는 스위스 스테이지부터 시작해 결승전까지 한 번도 패배하지 않으면서 전승 우승을 이뤄냈다.

7일 진행된 결승 직행전에서 아메리카스 2번 시드인 G2 이스포츠를 만난 젠지는 압도적인 기량을 뽐내며 2대0 완승을 거뒀다.

젠지는 9일 진행된 팀 헤레틱스와의 결승전에서 풀 세트까지 가는 접전 끝에 3대2로 승리했다.

1세트 전장으로 ‘브리즈’를 선택한 젠지는 수비 진영에서 시작해 전반전을 10대2로 마무리할 정도로 압도적인 퍼포먼스를 뽐냈다. 공격 진영으로 전환된 후반전에서도 기세를 이어가며 13대6으로 승리, 기선을 제압했다.

2세트 ‘아이스박스’와 3세트 ‘어센트’에서 중요한 순간마다 팀 헤레틱스의 ‘리엔스’ 에네스 에시를리에게 막힌 젠지는 4세트 ‘로터스’부터 흐름을 바꾸며 반격에 나섰다.

초반 3개 라운드를 팀 헤레틱스에 내준 젠지는 4라운드에서 ‘라키아’ 김종민의 활약으로 분위기를 반전시켰다. 이어진 11개 라운드에서 전부 승리한 젠지는 후반 다섯 번째 라운드를 가져가며 세트 스코어 2대2 동점을 만들었다.

우승팀을 가리는 5세트 ‘스플릿’에서 웃은 팀은 젠지였다. 4세트를 제외하고 모든 세트 첫 피스톨 라운드를 잡아낸 젠지는 준비한 전술을 바탕으로 5세트 피스톨 라운드마저 승리했고 연달아 4개 라운드를 더 따내면서 유리하게 시작했다.

젠지는 팀 헤레틱스의 전술을 간파했고 라운드 승리를 쌓으면서 전반전을 9대3으로 마무리했다.

수비 진영으로 전환된 후반전에서도 젠지의 공세가 이어졌다. 김나라의 레이즈가 발 빠른 움직임으로 상대를 교란시킨 뒤 김태오의 사이퍼가 얻은 정보를 바탕으로 젠지는 철통 방어를 선보였다.

피스톨 라운드를 잡아낸 젠지는 이어진 3개 라운드를 전부 승리, 풀 세트 접전 끝에 3대2로 팀 헤레틱스를 꺾으면서 퍼시픽 및 한국 팀 최초 국제 대회 우승 기록을 세웠다.

# 젠지, 2024년 열린 4개 대회 모두 결승 진출

젠지는 올해 진행된 총 4개의 공식 대회에서 모두 결승에 진출하는 대기록을 세웠다.

2024 시즌을 앞두고 대규모 리빌딩을 거친 젠지는 지난 2월 종료된 발로란트 챔피언스 투어(VCT) 퍼시픽 킥오프에서 우승을 차지하며 발로란트 팀 창단 이후 첫 우승을 맛봤다.

지난 3월 진행된 마스터스 마드리드에 1번 시드로 참가한 젠지는 4전 전승을 거두며 한국 팀 최초로 국제 대회 결승에 진출했지만 아쉽게 아메리카스 대표인 센티널즈에 풀 세트 접전 끝에 패하며 준우승에 머물렀다.

이어진 VCT 퍼시픽 스테이지 1에서도 결승에 오른 젠지는 페이퍼 렉스에게 2대3으로 아쉽게 패했다.

킥오프 우승과 VCT 퍼시픽 스테이지 1, 마스터스 준우승이라는 경험치를 쌓은 젠지는 마스터스 상하이에서 비로소 빛을 발했다.

퍼시픽 2번 시드로 스위스 스테이지부터 시작한 젠지는 5명의 선수가 골고루 활약했고 아메리카스와 CN, EMEA 팀들을 두루 꺾으면서 한국 팀으로는 처음으로 발로란트 이스포츠 국제 대회에서 우승 트로피를 들어 올렸다.",[],https://imgnews.pstatic.net/image/009/2024/06/10/0005316252_001_20240610111017491.jpg?type=w647,6
"'웹드라마 성지' 여수시, 9월 '제1회 여수 국제 웹페스트' 개최",황태종 기자 (hwangtae@fnnews.com),2024.06.10. 오후 12:19,https://n.news.naver.com/mnews/article/014/0005197044?sid=102,"지자체 최초 국제 웹페스트 관심 집중
전남 여수시가 오는 9월 4~6일 여수 예울마루 일원에서 '제1회 여수 국제 웹페스트'를 개최한다. 여수시 제공

【파이낸셜뉴스 여수=황태종 기자】전남 여수시는 오는 9월 4~6일 여수 예울마루 일원에서 국내외 유명 웹드라마 관련자들이 참석한 가운데 '제1회 여수 국제 웹페스트'를 개최한다고 밝혔다.

10일 여수시에 따르면 '여수 국제 웹페스트'는 국내 지자체로는 최초인데다, '웹드라마의 성지'로 불리는 여수에서 열리는 웹페스트라 국내외 관심과 이목이 쏠리고 있다.

앞서 여수시는 지난 2016년 처음 제작한 웹드라마 '신지끼의 사랑이야기'부터 최근 마무리된 '하멜'까지 총 9편의 웹드라마를 제작해 명실상부 국내 최대 웹드라마 작품 보유 지자체로 평가받고 있다.

이 가운데 '동백'은 2019년 스페인 빌바오 웹페스트 황금늑대상 특별상을, '무지개'는 2022년 LA 웹페스트 베스트 드라마상을, '꿈꾸는 섬'은 지난해 제9회 서울 웹페스트 최우수작품상을 각각 수상하는 등 9년 연속 국제 웹영화제에서 여러 상을 받았다.

여수시는 이번 웹페스트에 총 120편(해외 40, 국내 80)의 작품 모집을 목표로 하고 있으며, 국내·외 웹드라마 권위자 초청을 통한 어워즈와 상영 서비스, 웹드라마 관련자 팸투어 등을 진행할 예정이다.

현재 홈페이지를 통해 국내·외 작품을 모집 중에 있으며, 이중 40여편의 작품을 선정해 시상할 계획이다. 시상은 웹콘텐츠와 숏폼, 뮤직비디오 부문으로 나뉘며, 총 시상금은 2000만원이다.

여수시 관계자는 ""이번 웹페스트에 영국과 뉴질랜드 등 여러 나라에서 참여 의사를 밝히는 등 국내외 이목이 집중되고 있다""면서 ""웹드라마 성지라는 명성에 걸맞게 착실히 준비해 대한민국 대표 해양관광도시로서의 브랜드 가치를 더욱 드높이겠다""라고 말했다.",[],https://imgnews.pstatic.net/image/014/2024/06/10/0005197044_001_20240610121912724.jpg?type=w647,7
"완도군 '국제휴양치유단지 조성, 특산물 수출' 협약",구길용 기자(kykoo1@newsis.com),2024.06.10. 오후 5:44,https://n.news.naver.com/mnews/article/003/0012597176?sid=102,"장보고한상 수상자 대회 참석
[광주=뉴시스] 완도군은 10일 오스트리아 비엔나에서 열린 제2회 장보고한상 수상자대회에서 국제휴양치유단지 조성과 특산물 수출협약을 체결했다고 밝혔다. (사진=완도군 제공). 2024.06.10. photo@newsis.com *재판매 및 DB 금지


[광주=뉴시스] 구길용 기자 = 완도군은 10일 장보고한상대회에서 국제휴양치유단지 조성과 특산물 수출협약을 체결했다고 밝혔다.

완도군에 따르면 최근 오스트리아 비엔나에서 열린 '제2회 장보고한상 수상자 세계대회'에 참가해 국제휴양·치유단지 조성과 특산품 수출 업무협약을 체결했다.

장한상수상자협의회가 주최한 이번 행사에는 신우철 완도군수, 허궁희 완도군의회 의장, 김점배 장한상 수상자협의회장, 김덕룡 장보고글로벌재단 이사장, 박종범 세계한인무역협회장을 비롯해 장보고한상 역대 수상자, 완도군 수출 업체 등 70여명이 참석했다.

신우철 완도군수는 ‘치유의 섬, 완도’라는 주제로 청정바다와 해양자원을 활용해 국내 최초로 추진하고 있는 해양치유와 국립난대수목원 조성, 국립해양수산박물관 건립, 특산품 우수성 등에 대해 특강을 벌였다.

또 국제휴양·치유단지 조성을 위한 투자 설명회를 개최해 장보고한상 수상자협의회와 1000만 달러 상당의 투자유치 양해 각서를 체결했다.

완도읍 일원에 조성할 국제휴양·치유단지에는 골프 테마파크, 리조트·호텔, 치유정원, 뷰티 센터, 특산품 판매장 등이 들어설 예정이다.

완도군은 특산품 수출상담회를 통해 네덜란드, 오스트리아, 불가리아 등에 190만 달러 상당의 전복과 해조류, 해초면 등 특산품을 수출하는 협약을 체결했다.

특산품 수출 상담회에는 완도군 소재 완도맘영어조합법인, ㈜해청정, 바다명가 등 7개 기업이 참가했다.

신우철 완도군수는 ""이번 협약을 통해 국제휴양·치유단지 조성에 속도를 내 완도가 국제적인 해양치유 중심지, 휴양지로 도약할 수 있도록 하겠다""며 ""완도 특산품에 대한 유럽 바이어들의 높은 관심을 확인한 만큼 수출길을 더욱 넓혀 나가도록 할 방침""이라고 말했다.

한편 장보고한상은 장보고 대사의 도전·개척 정신을 계승하고 해외에서 경제·문화 영토 확장과 한인사회 발전 등에 이바지한 한상(韓商)을 21세기 장보고 대사로 인증하는 상이다.

지난해까지 17개국 43명이 수상했다.",[],https://imgnews.pstatic.net/image/003/2024/06/10/NISI20240610_0001572286_web_20240610174052_20240610174516425.jpg?type=w647,8
"삼양사, ‘2024 서울국제식품산업대전’ 참가",최규리 기자,2024.06.10. 오전 8:34,https://n.news.naver.com/mnews/article/468/0001067240?sid=101,"삼양사, 국내 최대 식품전문전시회 ‘2024 서울국제식품산업대전’ 참가. 사진 | 삼양사

[스포츠서울 | 최규리 기자] 삼양사는 11일부터 14일까지 나흘간 일산 킨텍스에서 개최되는 ‘2024 서울국제식품산업대전’에 참가해 홍보 부스를 운영한다고 밝혔다.

서울국제식품산업대전은 국내외 식품 시장 동향과 트렌드를 파악하고 식품 분야 기업 간 교류의 장이 되는 국내 최대 식품전문전시회다.

삼양사는 올해 홍보 부스 규모를 2배로 키우고, 스페셜티 소재인 대체 감미료 ‘알룰로스’와 수용성 식이섬유 ‘난소화성말토덱스트린’을 중점적으로 알릴 계획이다.

알룰로스는 무화과, 포도 등에 희소하게 존재하는 당류로, 설탕 대비 70% 정도의 단맛을 내지만 칼로리는 제로인 대체 감미료다. 삼양사는 2016년 자체 효소 기술 기반의 액상 알룰로스 개발에 성공하고, 이듬해 ‘트루스위트’라는 B2C 프리미엄 당 브랜드를 런칭했다. 이어 2020년부터 본격적인 양산을 시작했으며, 이듬해 선보인 B2B 브랜드 ‘넥스위트’를 통해 국내외에 공급하고 있다.

수용성 식이섬유인 난소화성말토덱스트린은 △배변활동 원활 △식후 혈당 상승 억제 △혈중 중성지질 개선에 도움을 줄 수 있는 건강기능식품 소재다. 삼양사는 2021년 ‘화이버리스트(Fiberest)’라는 브랜드를 선보이고, 액상∙분말형 난소화성말토덱스트린을 생산하고 있다.

삼양사는 이번 행사에서 방문객들의 이해를 돕고자 각 소재를 사용해 상품화까지 성공한 국내 식음료를 전시하는 한편, 해당 소재를 활용해 만든 제로 칼로리 슬러시와 저칼로리∙고식이섬유 젤리를 시식 샘플로 제공한다.

또한, 제품 소개를 듣고 시식 샘플 체험까지 마친 방문객 대상으로는 랜덤 뽑기 이벤트를 운영한다. 증정품은 △알룰로스를 사용한 숙취해소음료 ‘상쾌환 부스터 제로’ △제로슈가 카페시럽 ‘일하기시럽’, ‘운동하기시럽’ △넥스위트 브랜드 디자인을 활용한 에코백 등 다양하다. 이외에 부스 방문 인증 사진을 남길 수 있는 포토존을 운영하는 등 참여형 콘텐츠 준비에 공을 들였다.

이상훈 삼양사 식품BU장은 “더욱 많은 관람객들이 편리하게 방문할 수 있도록 부스 규모를 키우고, 색다른 방식으로 삼양사의 스페셜티 소재들을 접할 수 있도록 다양한 참여형 콘텐츠를 준비했다”며 “이번 전시를 통해 잠재고객사들의 니즈를 파악하고 판로를 넓히는 데 집중할 것”이라고 말했다.

gyuri@sportsseoul.com",[],https://imgnews.pstatic.net/image/468/2024/06/10/0001067240_001_20240610084417928.jpeg?type=w647,9
한국詩 국제화 힘쓴 김광림 시인 별세,김용출 선임기자 kimgija@segye.com,2024.06.10. 오전 12:44,https://n.news.naver.com/mnews/article/022/0003940248?sid=103,"韓·中·日 시단 교류 앞장

한국시인협회장을 지내고 한국시의 국제화를 위해 힘쓴 김광림(본명 김충남) 시인이 9일 별세했다. 향년 95세.
고인은 1929년 함경남도 원산에서 태어나 1948년 혼자 남한으로 내려온 뒤 시 ‘문풍지’로 등단했다. 한국전쟁에 육군 소위로 참전했고 1959년 첫 시집 ‘상심하는 접목’을 펴냈다. 1961년 김종삼, 김요섭 시인 등과 문예지 ‘현대시’의 창간 동인으로 참여했다. 서구 모더니즘을 바탕으로 맑은 시 세계를 추구했다. 화가 이중섭(1916~1956)과의 인연도 깊다. 장교 복무 시절 보급품 박스 속에 있던 양담배 은박지를 수집해 이중섭에게 그림 재료로 전해줬다. 이중섭이 극도의 자기혐오에 빠져 불살라버리라고 부탁한 그림들을 잘 보관했다가 돌려주기도 했다.

1980년대부터 한국시의 국제화를 위해 힘쓰며 한·중·일 시단 교류에 앞장선 고인은 1992~1994년 제28대 한국시인협회장을 지냈다. 시집 ‘오전의 투망’, ‘천상의 꽃’, ‘앓는 사내’ 등 다수와 평론집 ‘존재에의 향수’, ‘아이러니의 시학’ 등을 펴냈다. 대한민국문학상, 한국시인협회상, 보관문학훈장, 일·한 문화교류기금상 등을 받았다. 유족은 아들 김상수(바움커뮤니케이션 회장)·김상일(조각가)·김상호(대만 과기대 학장 겸 대만 현대시인협회장)씨, 딸 김상미씨 등이 있다. 빈소는 서울대병원 장례식장 2호실. 발인은 11일 오전 10시. 1588-5700",[],https://imgnews.pstatic.net/image/022/2024/06/10/20240609509846_20240610004413066.jpg?type=w647,10
"“민희진은 하이브 떠나라” BTS 해외팬, 국제청원 5만명 육박",이가영 기자 2ka0@chosun.com,2024.06.09. 오전 9:23,https://n.news.naver.com/mnews/article/023/0003839169?sid=104,"민희진 어도어 대표가 지난달 31일 오후 서울 중구 프레스센터에서 어도어 임시주주총회 관련 기자회견을 하고 있다. /뉴스1

방탄소년단(BTS) 해외 팬들이 민희진 어도어 대표에게 하이브를 떠나라고 요구했다. 민 대표가 하이브 소속 다른 아티스트들에게 부정적 영향을 미친다고 판단한 것으로 보인다. 국제 청원 사이트에 게재된 ‘민 대표 사퇴 촉구’ 글은 목표 청원 수를 돌파했다.

국제 청원사이트 ‘체인지닷오알지’에는 지난달 27일 ‘민희진은 하이브를 떠나라(MIN HEE JIN Leave HYBE Company)’는 제목의 청원이 올라왔다. 9일 오전 8시 기준 해당 청원에는 4만9000명에 가까운 이들이 동의했다. 1차 목표 청원 수인 3만5000명은 이미 도달했고, 다음 목표인 5만명 달성도 눈앞에 두고 있다.

청원인은 ‘아미 포레버(ARMY Forever)’다. BTS 팬덤 ‘아미(ARMY)’의 이름을 적은 것으로 보아, BTS 팬이 올린 청원으로 보인다. 그는 “하이브 내 여러 그룹들의 사기에 영향을 미치는 심각한 사안에 대해 알려드리고자 이 글을 쓴다”며 “최근 특정 개인이 BTS, 아일릿, 르세라핌 등 일부 그룹에 대해 잘못된 정보를 유포하고 괴롭힘을 주도하고 있다는 사실이 밝혀졌다”고 했다.

이어 “구체적으로 민 대표는 경쟁 하이브 그룹에 대한 허위 정보를 퍼트리고 BTS, 아일릿, 르세라핌을 앞세워 하이브의 가치 하락을 통한 계약 해지를 압박하고 있다는 의혹을 받고 있다”며 “이러한 행위는 비전문적일 뿐만 아니라 같은 지붕 아래 있는 대상에게 적대적인 환경을 조성해 회복할 수 없는 피해를 입히는 해로운 행위”라고 했다.

지난달 27일 국제 청원 사이트 체인지닷오알지에 올라온 '민희진은 하이브를 떠나라' 제목의 청원에 9일 오전 8시 기준 4만8000여 명이 동의했다. /체인지닷오알지

청원인은 “그룹 경영진이 이 문제를 신속히 해결해 모든 구성원에게 안전하고 존중받는 환경을 보장하는 것이 중요하다고 생각한다”며 “괴롭힘과 잘못된 정보의 확산을 방지하기 위해 적절한 조치를 취해 달라. 또한 회사와 아티스트에게 끼친 모든 피해에 대해 사과하기를 바란다”고 촉구했다.

청원인은 민 대표가 어도어 임원, 무속인 등과 나눈 것으로 알려진 카카오톡 대화 내용을 영어로 옮겨 청원글에 올렸다. 이에 따르면, 민 대표가 “결국 언론을 써야되네”라고 하자 상대방은 “(BTS 음반) 밀어내기 같은 게 퍼지면 이들도 하이브에 대한 신뢰를 잃을 거다. 이런 게 데미지 쌓이면 출혈이 클 것”이라고 했다.

해당 청원에 동참한 이들은 여러 언어로 ‘왜 이 서명에 동참했는지’에 대한 이유를 남겼다. 주로 BTS 해외 팬들이 서명에 동참한 것으로 보인다.

이들은 “특정 아이돌 그룹의 명예를 훼손하고, 해로운 여론을 조작하는 건 옳지 않다” “민희진 같은 부패한 임원들이 하이브에서 퇴출되었으면 좋겠다” “뉴진스를 제외한 같은 회사 소속의 다른 가수를 방해한다”고 했다.

BTS의 팬으로 보이는 이는 “이 사람이 BTS 주변에 있는 것을 원하지 않는다”고 했다. 르세라핌의 팬은 “’하이브의 공주’ ‘사악한 이복누이’ 등 이야기에 의해 소셜미디어에는 비인간적인 증오가 넘쳐났다”며 “참을 만큼 참았다. 이 재능있는 소녀들을 지켜 달라”고 했다.

앞서 민 대표는 지난 4월 25일 기자회견에서 하이브 산하 레이블 빌리프랩의 신인 그룹 아이릿이 뉴진스를 표절했다며 ‘카피’ 의혹을 제기했다. 이에 빌리프랩은 지난달 22일 “민 대표에 대해 업무방해와 명예훼손 혐의로 고소장을 제출했다”며 “민 대표 측이 제기한 표절 의혹은 사실이 아님을 명확히 밝힌다”고 했다.

또 민 대표의 직을 두고 벌어진 의결권 행사 금지 가처분 신청 공판에서 민 대표 측은 하이브가 약속을 어기고 르세라핌을 첫 걸그룹으로 선발했으며, 뉴진스는 성공적인 데뷔 후에도 차별적 대우를 당했다고 주장했다. 반면 하이브 측은 “민 대표가 먼저 데뷔 순서는 상관하지 않겠다고 요구했으며, 무속인 코칭을 받아 ‘방시혁 걸그룹이 다 망하고 우리는 주인공처럼 마지막에 등장하자’며 뉴진스의 데뷔 시기를 정했다”고 반박했다.

이와 관련 민 대표는 지난달 31일 두 번째 기자회견에서 ‘이번 논란 때문에 상처받은 BTS, 아일릿, 르세라핌에게 해주고 싶은 말이 있느냐’는 질문에 “제 생각에 뉴진스도 상처받았고, 모두가 상처받은 일이라고 생각한다”고 답했다. 민 대표는 “누군가만이 아니라 저도 인간이고, 멤버들도 다 인간이기 때문에 누구를 특정해서 그런 얘기를 하고 싶지는 않다”며 “기자들도 그렇고 모든 분들이 상처를 안 주려면 이 언급을 그만해야 한다. 그분들을 생각한다면 뭐든 언급하지 말아줬으면 좋겠다”고 했다.

한편, 체인지닷오알지는 홀로 해결할 수 없는 일을 이루어지게 해 달라고 청하면 다중이 지지 여부를 결정하는 플랫폼이다. 체인지닷오알지 측은 2007년 출범 이후 전 세계 196개국에서 5억3000만명이 청원에 동참했으며 그중 9만7000여 개의 청원이 실제 변화를 이끌어냈다고 설명했다.

국내에는 2014년 김연아 선수 관련 청원으로 유명해졌다. 당시 소치 동계올림픽 여자 싱글 피겨대회에서 러시아의 아델리나 소트니코바 선수에 밀려 김연아가 은메달을 차지하자 캐나다인은 ‘개최국의 편파 판정’ 의혹을 제기하며 재심사를 요구하는 청원 글을 체인지닷오알지에 올렸다. 국제빙상연맹(ISU)을 상대로 한 이 청원에는 200만명 이상이 서명했고, 한국은 물론 국제적 이슈로 떠올랐다.

-

조선일보 국제부가 픽한 글로벌 이슈! 뉴스레터 구독하기 ☞ https://page.stibee.com/subscriptions/275739

국제퀴즈 풀고 선물도 받으세요! ☞ https://www.chosun.com/members-event/?mec=n_quiz","['절이 싫으면 중이 떠나야지. 방시혁이 싫으면 민희진. 니가 나가라', '다 떠나서 하이브의 자본력과 인지도가 없었다면 뉴진스가 나오자마자 주목을 받았을까라는 의문이 생긴다. 실력 외모 다 갖춰도 데뷔 때 주목받지 못하는 가수들 천지다. 민씨의 능력이 좋다고 말하려면 혼자 나가서 본인 돈으로 혼자 아이돌을 키워봐야 그게 증명되지... 휴대폰 기술자가 혼자 나가서 자기 휴대폰 만들어 팔면 팔릴까?', '어느유튜버에 스포추경향 이선명기자 가 민희진 역바이럴 하는기자라고 민희진에게만 유리한 글쓰는분이라고그분이 요즘 불법사찰 등등 형사고발 가능성 있다고 글을 올리고 있네요 민희진에 대해서 글을 보니 다민희진 입장이던데 민희진 국제청원힘내세요^^', '너무화가난다 당장떠나라', '역바이럴기자 이선명 유튜브에서 봤지요민희진에게 유리한 글 쓰신분이라고 민희진 국제청원 100만명 갔음 좋겠다 전홍준님처럼 될수있게 힘을 모아야지요']",https://imgnews.pstatic.net/image/023/2024/06/09/0003839169_001_20240609161107664.jpg?type=w647,11
한국시 국제화 힘쓴 원로 시인 김광림 별세…향년 95세,이수지 기자(suejeeq@newsis.com),2024.06.09. 오후 5:28,https://n.news.naver.com/mnews/article/003/0012594975?sid=103,"【통영=뉴시스】 김광림 시인 뉴시스 DB. (사진=통영시청 제공) photo@newsis.com *재판매 및 DB 금지


[서울=뉴시스] 이수지 기자 = 한국 시 국제화를 위해 힘썼던 원로 시인 김광림(본명 김충남)이 9일 별세했다. 향년 95세.

고인은 1929년 함경남도 원산에서 태어나 해방 후 평양의 대학으로 진학했으나, 중퇴하고 한때 '인민일보' 기자를 지냈다. 1948년 혼자 남한으로 내려와 여주에 있는 초등학교에서 교사로 재직 중 한국전쟁 발발로 징집돼 격전지 전투에 참전했다. 제대 후 고려대 국문학과를 졸업했다.

1948년 시 '문풍지'로 등단했다. 1954년 '전시문학선'에 '장마', '내력' 등을, '문학예술'에 '상심하는 접목'을 발표하며 작품활동을 벌였다.

'상심하는 접목', '갈등', '천상의 꽃', '대낮의 등불,' '앓는 사내', '놓친 굴렁쇠' 등 시집을 냈다. 김광림·전봉건·김종삼 3인의 '전쟁과 음악과 희망과' 등 협동시집 3권을 냈고, 일본 세이쥬사에서 '세계시인총서 5'와 '속세계시인총서 10'을 출간했다.

1992~1994년 한국시인협회 회장을 역임했다. 중앙대, 한양대 출강에 이어 장안대 교수를 지내며 후학을 양성했고, 1996년 정년 퇴임했다.

고인은 서구 모더니즘을 바탕으로 깨끗하고 맑은 시 세계를 추구했다. 1980년대에는 한국 시의 국제화를 위해 한중일 시단 교류에도 앞장섰다. 대한민국문학상, 한국시인협회상, 보관문학훈장을 수상했다. 일본 지큐상과 대만 아시아 시인 특별공로상 등을 받았다.

유족으로는 아들 김상수(바움커뮤니케이션 회장)·김상일(조각가)·김상호(대만 과기대 학장 겸 대만 현대시인협회장)씨, 딸 김상미씨 등이 있다. 빈소는 서울대병원장례식장 2호실에 마련됐다. 발인은 11일 오전 10시, 장지는 서울현충원이다．","['삼가 고인의 명복을빕니다', '삼가 고인의 명복을 빕니다.']",https://imgnews.pstatic.net/image/003/2024/06/09/NISI20240609_0001571183_web_20240609171811_20240609173232110.jpg?type=w647,12
"바이든·마크롱, 회담서 국제안보 논의…""우크라 외면 안한다""",김지연(cherora@yna.co.kr),2024.06.09. 오전 2:15,https://n.news.naver.com/mnews/article/001/0014735246?sid=104,"정상회담 후 성명 발표…""중동 긴장 고조 막는 데 결연""


엘리제궁 정원에서 대화하는 미·프 정상
[AFP 연합뉴스]


(런던=연합뉴스) 김지연 특파원 = 프랑스를 국빈 방문한 조 바이든 미국 대통령과 에마뉘엘 마크롱 프랑스 대통령이 8일(현지시간) 정상회담을 하고 우크라이나 지원과 중동지역 긴장 완화 의지를 재확인했다.

AP·AFP 통신에 따르면 바이든 대통령은 이날 엘리제궁에서 정상회담 이후 마크롱 대통령과 함께 언론 성명을 발표, ""푸틴(블라디미르 푸틴 러시아 대통령)은 우크라이나에서 멈추지 않을 것""이라며 ""모든 유럽이 위협받을 것이며 우리는 그런 일이 일어나지 않게 하겠다""고 밝혔다.

이어 ""미국은 우크라이나 곁에 굳건히 설 것""이라며 ""우리는 (우크라이나를) 외면하지 않을 것""이라고 말했다.

그는 미국 독립전쟁에서 프랑스의 지원을 가리켜 ""프랑스는 우리의 첫 번째 친구였고 지금도 최고의 친구 중 하나""라면서 양국 우호 관계를 강조했다.

마크롱 대통령도 양국이 우크라이나 전쟁과 의견을 함께한다면서 ""세계 최대 강국의 대통령으로서 유럽을 좋아하고 존중하는 파트너로서 충심을 보여준 데 감사하다""고 말했다.

이는 바이든 대통령과 올해 11월 대선에서 경쟁하는 도널드 트럼프 전 대통령의 '미국 우선주의'를 교묘하게 꼬집은 발언이라고 AP 통신은 해석했다.

마크롱 대통령은 이란이 모든 수준에서 긴장을 고조하는 전략을 추구하고 있다면서 ""우리는 이런 추세를 멈추기 위해 필요한 압력을 행사하는 데 결연하다""고 말했다.

그는 ""우리는 특히 레바논 등 역내 확전을 피하는 데 노력을 배가하고 있다""고 덧붙였다.

양국 정상은 또한 이날 이스라엘군이 팔레스타인 무장정파 하마스에 억류됐던 인질 4명을 구출한 것을 환영했다.

바이든 대통령은 ""우리는 모든 인질이 귀환하고 휴전 합의에 도달할 때까지 노력을 멈추지 않을 것""이라고 말했다.

마크롱 대통령은 이스라엘 정부가 가자지구에 대한 인도주의적 지원에 더 노력하지 않는다는 점을 지적했다.

언론 성명 발표하는 미·프 정상
[AFP 연합뉴스]


양국 정상은 이날 엘리제궁 정원에 마주 앉아 대화했다.

이 자리에서 바이든 대통령이 마크롱 대통령에게 경제 투자와 관련해 미국과 유럽이 '함께 조율'할 수 있다고 말하는 것이 현장 취재진에 포착됐다.

바이든 대통령이 가장 최근에 시진핑 중국 국가주석과 대화했을 때 시 주석이 중국 전기차에 대한 미국 관세 부과에 반대했다고 언급하는 것도 들렸다고 AP·블룸버그 통신은 전했다.

바이든 대통령은 성명에서 이와 관련한 언급을 하지 않았다.

마크롱 대통령은 기자들에게 ""우리는 중국의 불공정 관행 가능성에 같은 우려를 표시했다""며 ""이는 과잉생산으로 이어지며 세계 경제에 중요한 문제로 우리는 조율된 방식으로 대응해야 한다""고 말했다.

두 정상은 언론 앞에서 성명을 발표하고 나서 질의를 받지 않고 퇴장했다.

마크롱 대통령은 이날 오전 바이든 대통령을 파리 개선문 앞에서 맞이했다.

바이든 대통령은 지난 5일 프랑스에 도착해 노르망디 상륙작전 80주년 기념식 등에 참석한 데 이어 이날 본격적인 국빈 방문 일정을 시작했다.

cherora@yna.co.kr","['푸틴과 시진핑에서 연속으로 뒤통수 맞더니 우리 마카롱이 달라졌어요. 진보 성향을 가진 유럽인이기 때문에 경제 정책에 있어서 좌파 사상을 받아들일 수는 있지만, 공산주의자들과 어울리면 폭망한다는 것을 마카롱인지 마크롱인지가 이제 깨달은 것 같군 앞으로 그 맘 변하지 말아라', '유럽에서 전략핵전쟁 정도는 하려는듯ㆍ국제유가가 이래서 하락중이군ㆍ(우리도 정신 바짝짜리고ㆍ만약을 대비ㆍ유비무환ㆍ세금사용 절약들ㆍ비상시를 대비)', '지금 러시아 못 막으면 동유럽도 무사하지 못함..', '말만하지말고 제대로 지원해주지..', '전세계는 우크라를 도와야 평화를 유지할수잇다고 본다 핵을 사용금지로 패물로 만들어야 할것이다 핵가지고 큰소리 치는것은 악마의 불과하다 러시아는 절대로 핵을 사용할수 없다고 본다 본인 생명이 소중하기에 또한 중국은 대처잘해야 할것이다 전세계가 주목할것이다= = =']",https://imgnews.pstatic.net/image/001/2024/06/09/PAF20240609018801009_P4_20240609021634593.jpg?type=w647,13
"SK텔레콤, CDMA 성과 국제적 인정…""AI로 또 한번 진화""(종합)",김보경 기자 bkly477@asiae.co.kr,2024.06.10. 오후 4:43,https://n.news.naver.com/mnews/article/277/0005429757?sid=105,"글로벌 ICT 학회서 성과 인정받아
이통산업 진출 특혜 시비 논란엔
유영상 대표 ""노력 폄훼 안타깝다""
SK텔레콤이 참여한 대한민국의 CDMA 성공 사례가 '글로벌 ICT 분야의 노벨상'으로 불리는 명예의 전당에 등재됐다. SKT는 앞으로 인공지능(AI) 분야에서도 개척자 정신을 발휘해 국가 산업 성장에 이바지하겠다고 밝혔다.

유영상 SKT CEO가 10일 본사 수펙스홀에서 열린 IEEE 마일스톤 수여식에서 환영사를 하고 있다.[사진 제공=SKT]


SKT는 한국전자통신연구원(ETRI), 삼성전자, LG전자가 함께 한 1996년 CDMA 대규모 상용화가 국제전기전자공학협회(IEEE)가 선정하는 우수 업적으로 뽑혔다고 10일 밝혔다.

이날 오후 서울 을지로 SKT 본사에서는 IEEE 마일스톤 수여식이 열렸다. 본사 외벽에 설치된 현판에는 대한민국 CDMA 상용화 주역인 SKT, ETRI, 삼성전자, LG전자의 사명과 산업에 기여한 성과 등이 기재됐다.

세계 최초 CDMA 상용화, IEEE 인정

IEEE는 1884년 토머스 에디슨과 그레이엄 벨 주도로 창설된 전기·전자공학 분야 세계 최대 학회다. 1983년부터 인류 사회와 산업 발전에 공헌한 역사적 업적에 시상하는 'IEEE 마일스톤' 프로그램을 운영하고 있다.

글로벌 ICT 분야의 노벨상으로 불리는 IEEE 마일스톤은 그동안 북미·유럽·일본과 같은 기술 강국이 90% 이상을 차지해왔다. SKT는 CDMA 사례로 국내 기업 최초로 선정 기업 반열에 이름을 올리는 영예를 안았다. SKT는 25년 이상 경과한 업적을 심사하는 IEEE의 절차를 고려해 2016년부터 민관 합작을 통한 CDMA 성공 사례를 등재하기 위해 노력해왔다.

SKT, ETRI, 삼성전자, LG전자는 이동통신의 수요 폭증에 대응해 통화용량을 아날로그 방식보다 10배 이상 증가시킬 수 있는 CDMA 디지털 이동통신 시스템 상용화에 성공했다.

당시 세계 기업들은 시분할 방식인 TDMA를 놓고 치열한 기술 경쟁을 벌였지만, 대한민국은 성장 잠재력이 획기적으로 높은 CDMA 상용화에 도전했다. 정부는 ETRI가 국내에 도입한 CDMA 기술을 기반으로 SKT 산하에 이동통신기술 개발사업관리단을 출범시켰다. 이후 삼성전자와 LG전자 등 국내 단말 제조사들이 적극 협력해 CDMA를 국가표준으로 단일화하고 세계 최초로 상용화할 수 있었다.

이날 기념식에 참석한 송상훈 과학기술정보통신부 정보통신정책실장은 ""1989년부터 1996년까지 7년간의 사업에 정부와 기업이 1000억원이 넘는 연구개발비와 연간 1000명이 넘는 대규모 인력을 투입했다""고 회고했다.

그는 ""불확실한 미래에도 불구하고 과감한 결단을 내린 정부와 국내 연구진, 제조사-통신사업자까지 모두 함께 힘을 모아 이룬 업적""이라며 ""지금은 6G 시대를 준비하고 있고, 앞으로도 이동통신 강국으로의 명성을 이어갈 것""이라고 내다봤다.

(사진 왼쪽부터)전국진 서울대학교 전기공학부 명예교수, 장길수 IEEE 서울 섹션 회장, 송상훈 과학기술정보통신부 정보통신정책실장, 고진 대통령직속 디지털플랫폼정부위원회 위원장, 캐슬린 크레이머 IEEE 차기 회장, 유영상 SKT CEO, 강종렬 SKT CSPO, 최원준 삼성전자 MX사업부 개발실장, 제영호 LG전자 C&M표준연구소 연구소장, 백용순 ETRI 입체통신연구소장이 10일 을지로 SKT본사에서 열린 현판 제막 행사에 참여했다.


CDMA 상용화를 계기로 대한민국은 단번에 이동통신 수입국에서 수출국으로 도약했다. 당시 세계 이동통신 시장은 우리 민관의 기술력을 기반으로 새롭게 발전했고 반도체 기술 개발에도 큰 영향을 미쳤다.

""누구도 가본 적 없는 AI 컴퍼니"" 개척

행사에는 캐슬린 크레이머 IEEE 차기 회장, 고진 디지털플랫폼정부위원회 위원장, 송 실장, 유영상 SKT 대표, 백용순 ETRI 입체통신연구소장, 최원준 삼성전자 MX사업부 개발실장, 제영호 LG전자 C&M표준연구소 연구소장이 참석했다.

이날 전 과학기술부 장관이자 SKT 부회장을 역임한 고(故) 서정욱 장관 유족에 감사패를 전달하는 시간도 가졌다. 고인은 SKT 재직 당시 CDMA 상용화를 이끌었던 경험을 바탕으로 IEEE 마일스톤 등재를 적극 추진해 대한민국의 ICT 역량을 세계에 알리는 데 기여했다.

유 대표는 환영사를 통해 ""과거 CDMA가 그랬듯이 이제는 AI라는 혁신적인 기술로 인해 우리의 미래는 전혀 다른 형태로 진화할 것""이라며 ""SKT가 나아가고자 하는 '글로벌 AI 컴퍼니'의 길 또한 그 누구도 가본 적 없는 새로운 길""이라고 강조했다.

이어 ""세계 최초 CDMA 상용화 과정에서 우리에게 새겨진 개척자의 DNA로 이번에도 우리 앞에 당면한 수많은 문제를 여기 계신 여러 관계자들과 합심해 헤쳐 나가겠다""고 밝혔다.

""SKT에 청춘 바쳐…성과 더욱 알릴 것""

SK그룹의 이동통신 사업 진출과 관련, 정치권의 특혜 시비에 대해 유 대표는 행사를 마친 뒤 기자들과 만나 ""SKT의 노력과 성과가 폄훼되는 것 같아 안타깝다""고 말했다.

최근 최태원 SK그룹 회장의 이혼 소송 2심 과정에서 재판부는 SK(당시 선경그룹)의 1994년 이동통신 사업 진출 과정에서 노태우 전 대통령의 유·무형적 기여가 있었다고 판단했다.

하지만 SK 측은 김영삼 정부 출범 이후 한국이동통신(현 SKT)을 인수해 이동통신 사업에 진출했는데, 마치 정경유착이나 부정한 자금으로 성장한 것처럼 법원이 곡해했다는 입장이다.

이에 대해 유 대표는 ""SKT 구성원으로서 저의 청춘을 SKT에 바쳤다""며 ""올해 40주년을 맞은 SKT의 CDMA 세계 최초 상용화와 같은 노력과 성과가 폄훼되는 것 같아서 안타깝게 생각한다""고 말했다.

그는 ""특혜가 아니라 정당한 방식으로 이동통신 사업에 진출했고, 아주 잘 경영해서 오늘날까지 온 것에 대해 SKT 구성원으로서 자랑스럽게 생각한다""며 ""이것이 세상에 널리 알려질 수 있도록 노력하겠다""고 덧붙였다.",[],https://imgnews.pstatic.net/image/277/2024/06/10/0005429757_001_20240610164414684.jpg?type=w647,14
"화순전남대병원 핵의학과 연구팀 논문, 국제학술지 게재",정회성(hs@yna.co.kr),2024.06.10. 오후 4:40,https://n.news.naver.com/mnews/article/001/0014737936?sid=102,"화순전남대학교병원 핵의학과 민정준(왼쪽)·권성영 교수
[화순전남대학교병원 제공. 재판매 및 DB 금지]


(화순=연합뉴스) 정회성 기자 = 화순전남대학병원은 민정준·권성영 핵의학과 교수 연구팀의 논문이 최근 국제학술지 '네이처 리뷰 임상 종양학'에 실렸다고 10일 밝혔다.

연구팀은 박테리아가 암의 발생과 진행, 항암 면역에 끼치는 영향을 분석했다.

또 유전공학과 유전자편집기술, 나노기술을 이용해 박테리아를 암 면역 치료제로 개발하는 현황을 연구했다.

논문 작성에는 홍영진 전남대학교 의과대학 교수, 손진배 ㈜씨앤큐어 박사연구원 등도 참여했다.

논문이 실린 네이처 리뷰 임상 종양학은 영향력을 측정하는 지표인 피인용지수가 78.8에 이르는 세계적인 학술지로 꼽힌다.

hs@yna.co.kr",[],https://imgnews.pstatic.net/image/001/2024/06/10/AKR20240610123100054_01_i_P4_20240610164112904.jpg?type=w647,15
동구권→'동북공정' 연구…이태영 국제교과서연구소장 별세,이충원(chungwon@yna.co.kr),2024.06.09. 오전 9:51,https://n.news.naver.com/mnews/article/001/0014735419?sid=103,"[유족 제공]


(서울=연합뉴스) 이충원 기자 = 현역 교수 시절엔 동구권, 퇴직 후에는 일본·중국 역사 왜곡 문제 연구에 헌신한 이태영(李泰永) 한국국제교과서연구소장이 8일 오후 11시30분께 세상을 떠났다고 유족이 전했다. 향년 92세.

전북 익산 태생인 고인은 동국대 사학과를 졸업하고 독일 본대학, 오스트리아 빈대학에서 유학했다. 1963∼1974년 동국대 사학과 교수, 1969∼1974년 국토통일원 연구위원, 1980년 원광대 교수 겸 통일원 평화통일연구소장을 거쳐 1982∼1989년 호남대 학장(총장)을 지냈다. 순신대와 한세대에서도 가르쳤다.

1963년 유학을 마치고 귀국하던 중 일본 도쿄에서 재일조선인총연합회(조선총련) 소속 이좌영씨와 만난 뒤 수차례 편지를 주고받았다는 이유로 중앙정보부(국정원)에 끌려가 고문을 받고 허위진술을 강요당했고, 1974년 반공법 위반죄로 징역 2년에 집행유예 4년을 선고받았지만, 2014년 서울고법에서 무죄 선고를 받았다.

'동구사회 형성의 연혁과 정치 현실'(1980), '세계문화사'(1986), '게르만과 슬라브'(1993), '중구(中歐)의 역사와 정치'(1993) 등 저서와 '비스마르크'(1975) 빌리 브란트 저 '평화에의 의지'(1975) '독일사회민주주의100년'(1989) 등 역서를 남겼다.

퇴직 후 일본과 중국의 역사교과서 문제와 동북공정 대처 방안 등에 관심을 쏟아 1990년 한국국제교과서연구소를 설립했고, 칭화(淸華)대 중한역사문화연구소 원장을 맡기도 했다. '한·일 역사교과서 수정의 제문제(編)'(1995), '고대 동북아연구-어제와 오늘'(2008) 등 저서를 펴냈다.

유족은 2남1녀로 이정원(딸)·이정훈·이정욱씨. 빈소는 신촌세브란스병원 장례식장 17호실, 발인 11일 오전 9시, 장지 일산 해인사 미타원. ☎ 02-2227-7590

chungwon@yna.co.kr

※ 부고 게재 문의는 팩스 02-398-3111, 전화 02-398-3000, 카톡 okjebo, 이메일 jebo@yna.co.kr(확인용 유족 연락처 필수)","['이수만인줄알고 들어온사람 추천', '친중간첩 이죄명이랑 문재앙은 동북공정이 옳다 하던데', '이수만인가 착각했네', '삼가 고인의 명복을 빕니다']",https://imgnews.pstatic.net/image/001/2024/06/09/AKR20240609008300505_02_i_P4_20240609115713909.jpg?type=w647,16
"UPA, 국제물류 청년 취업 아카데미 수강생 모집",안정섭 기자(yohan@newsis.com),2024.06.10. 오후 2:07,https://n.news.naver.com/mnews/article/003/0012596376?sid=102,"7월5일까지 접수
[울산=뉴시스]울산 남구 장생포고래로에 위치한 울산항만공사(UPA) 전경. (사진=울산항만공사 제공) photo@newsis.com *재판매 및 DB 금지
[울산=뉴시스] 안정섭 기자 = 울산항만공사(UPA)는 해운물류 분야에 필요한 실무능력을 갖춘 인재 양성을 위해 '2024 UPA 국제물류 청년취업 아카데미'에 참여할 수강생을 다음달 5일까지 모집한다고 10일 밝혔다.

총 38명을 모집하는 이번 아카데미는 UPA의 지원을 통해 전액 무료로 진행된다.

국제물류기업에 취업하고 싶은 대학 졸업생 및 졸업 예정자라면 누구나 지원할 수 있다.

교육 기간은 오는 7월22일부터 8월26일까지며, 재학생은 비대면 수업 참여가 가능하다.

이번 아카데미는 참여자들의 직무 역량 향상을 위해 포워딩 실무, 국제운송론, 화물운송 실무, 수출입 실무, 해운 실무 등 다양한 프로그램으로 구성됐다.

취업역량 강화를 위해 자기소개서 작성 특강 및 첨삭, 실무자 멘토링의 시간도 준비돼 있다.

교육 수료 후에는 한국국제물류협회 소속 물류기업으로의 취업 연계를 지원한다.

기타 자세한 사항은 한국국제물류협회 홈페이지에서 확인 가능하다.",[],https://imgnews.pstatic.net/image/003/2024/06/10/NISI20220616_0001021483_web_20220616162608_20240610140825589.jpg?type=w647,17
"한양대 김형숙 교수, 美 MIT 미디어랩과 공동연구 합의",박지은 인턴 기자(written11@newsis.com),2024.06.10. 오후 2:10,https://n.news.naver.com/mnews/article/003/0012596385?sid=102,"美 매사추세츠 공과대학교(MIT) 미디어랩과 국제공동연구 추진
[서울=뉴시스] 한양대학교 데이터사이언스학부 김형숙 교수(왼쪽)가 지난 7일 미국 보스턴에서 매사추세츠 공과대학교(MIT) 미디어랩의 로잘린드 피카드(Rosalind Picard) 교수와 국제공동연구 추진을 합의했다고 밝혔다. (사진=한양대 제공) *재판매 및 DB 금지


[서울=뉴시스]박지은 인턴 기자 = 한양대 데이터사이언스학부 김형숙 교수가 지난 7일 미국 보스턴에서 매사추세츠 공과대학교(MIT) 미디어랩의 로잘린드 피카드(Rosalind Picard) 교수와 마음건강 예방·관리 서비스의 고도화를 위한 국제공동연구 추진을 합의했다.

이번 회의에서 양 기관은 ▲MIT 미디어랩 내 공동연구를 위한 연구팀 1대1 매칭 ▲한국 연구팀 연구실 제공 및 석·박사, 박사후연구원 인재 양성 등을 위해 협력하기로 했다. 또한 국제공동연구는 인공지능(AI), 사용자경험(UI/UX) 연구, 사물인터넷(IoT) 등의 디지털 기술과 심리학, 행동과학, 뇌과학 등의 기초연구를 연결하여 대학 최초 대규모로 진행될 예정이다.

이를 통해 국내외의 과학기술 분야 우수 인재를 선발·양성해 국가경쟁력 확보에 기여할 수 있도록 할 계획이다.

김 교수와 피카드 교수가 상호 합의한 공동연구 주제는 ▲마음건강 서비스의 실사용 데이터(Real World Data) 기반 인공지능 생성 콘텐츠 ▲멀티모달 평가 인공지능을 위한 생체데이터 통합 ▲반응형 아바타 개발 ▲표정 및 언어기술(인식, 생성)을 통한 사용성 향상 ▲연구 결과를 반영한 서비스 고도화 및 실시간 모니터링 체계 구축 등이다.

김 교수는 ""MIT 미디어랩과의 대규모 공동연구는 국내 대학으로서는 최초의 성과이며, 이번 연구를 통해 국내외 우수 인재의 해외 유출 방지 방안도 제시할 수 있을 것""이라고 밝혔다.

양 기관은 향후 업무협약 체결 및 공동연구 계획서 작성을 마무리한 후 9월부터 본격적인 국제공동연구에 들어갈 예정이다.",[],https://imgnews.pstatic.net/image/003/2024/06/10/NISI20240610_0001571824_web_20240610133654_20240610141119984.jpg?type=w647,18
한국시 국제화 위해 힘썼던 원로시인 김광림 별세…향년 95세,하승연 기자,2024.06.09. 오후 3:28,https://n.news.naver.com/mnews/article/081/0003456423?sid=103,"생전의 김광림 시인. 연합뉴스
한국시의 국제화를 위해 힘썼던 문단의 원로 김광림(본명 김충남) 시인이 9일 향년 95세의 나이로 별세했다고 유족들이 전했다.

1929년 함경남도 원산에서 태어난 김 시인은 1948년 단신으로 월남해 그해 ‘연합신문’을 통해 시 ‘문풍지’로 등단하며 작품활동을 시작했다.

한국전쟁에 육군 소위로 참전하기도 한 고인은 1959년 첫 시집 ‘상심하는 접목’을 펴냈다. 이후 1961년에는 김종삼, 김요섭 시인 등과 함께 문예지 ‘현대시’의 창간 동인으로 참여하기도 했다.

고인은 고려대 국문과를 졸업해 문화공보부, KBS, 한국외환은행 등에 잠시 재직한 뒤 장안대 교수로 봉직하다 1996년 퇴직했다.

1992~1994년에는 제28대 한국시인협회장으로 지냈던 고인은 서구 모더니즘의 바탕에서 이미지를 통한 깨끗하고 맑은 시 세계를 추구한 시인으로 꼽힌다.

1959년 ‘사상계’에 발표한 시 ‘꽃의 반항’은 한국전쟁이 끝난 뒤의 황폐함을 배경으로 꽃과 인간의 속성을 대비시키며 도회적 서정을 담아낸 작품이다.

또 고인과 화가 이중섭(1916~1956)과도 인연이 깊은 것으로 알려져 있다. 고인은 해방 직후 1947년 원산에서 이중섭을 처음 만나 그가 작고한 1956년까지 인연을 맺었다.

장교 복무 시절에는 이중섭의 요청에 따라 외출을 나올 때마다 보급품 박스 속에 들어있던 양담배 은박지를 수집해 그림의 재료로 전해줬던 장본인이기도 하다.

생전 이중섭은 극도의 자기혐오에 시달리다 자신의 그림들을 불살라 달라고 고인에게 부탁한 적이 있는데, 고인은 당시 이중섭의 그림들을 잘 보관했다가 돌려줬다고 한다.

고인은 1980년대부터는 한국시의 국제화를 위해 힘쓰며 한중일 시단 교류에도 앞장섰다.

고인은 시집 ‘오전의 투망’, ‘천상의 꽃’, ‘앓는 사내’ 등 다수와 평론집 ‘존재에의 향수, ‘아이러니의 시학’, ‘일본현대시인론’ 등을 펴냈으며, 한국시인협회상, 대한민국문학상, 대한민국 보관문화훈장, 일·한 문화교류기금상, 청마문학상 등을 받았다.

유족으로는 아들 김상수(바움커뮤니케이션 회장)·김상일(조각가)·김상호(대만 과기대 학장 겸 대만 현대시인협회장)씨, 딸 김상미씨 등이 있으며 빈소는 서울대병원 장례식장 2호실에 차려졌다. 발인은 오는 11일 오전 10시다.","['삼가 고인의 명복을 빕니다.', '도종환은.부끄러운 짓 그만하고 좀 배워라!', '삼가 고인분의 명복을 빕니다. 평화속에서 편히 쉬세요.', '면벽한 노승 눈매에 미소가 돌아-김광림 산 중에서-']",https://imgnews.pstatic.net/image/081/2024/06/09/0003456423_001_20240609152812107.jpg?type=w647,19
"GIST 이재석 명예교수, 일본고분자학회 국제상 수상",조영석 기자 (kanjoys@news1.kr),2024.06.10. 오전 10:54,https://n.news.naver.com/mnews/article/421/0007590724?sid=102,"한·일 고분자 분야 학술교류 기여 공로
이재석 명예교수(오른쪽)가 이또 코조 일본고분자학회장으로부터 국제상을 수여받고 있다.(지스트 제공)/뉴스1


(광주=뉴스1) 조영석 기자 = 광주과학기술원(GIST)은 신소재공학부 이재석 명예교수가 일본고분자학회 '국제상'을 수상했다고 10일 밝혔다.

이 교수는 고분자 합성 중 음이온 중합에 의한 이소시아네이트(Isocyanate)의 리빙성을 최초로 발견한 석학으로 리빙 고분자의 활용에 관한 기초연구를 수행해 왔다.

한국과학기술한림원 정회원이기도 한 이 교수는 현재까지 260여 편의 논문을 국제학술지에 발표했다.

한국고분자학회 고분자논문상, LG화학고분자학술상, 대한민국 과학기술포장을 수상했다.

일본고분자학회는 탁월한 연구 활동으로 고분자 과학 및 기술 발전에 기여하고, 일본과의 교류에 공로가 큰 연구자를 선정하여 1994년부터 '국제상'을 시상하고 있다.

시상식은 지난 6일 일본 센다이국제센터에서 열린 '제73회 일본고분자학회 연차대회'에서 수상 강연과 함께 진행됐다.",[],https://imgnews.pstatic.net/image/421/2024/06/10/0007590724_001_20240610105513056.jpg?type=w647,20
"AI시대 개인정보 규제·정책 천차만별…韓 ""국제 상호운용성 노력 필요""",이기림 기자 (lgirim@news1.kr),2024.06.10. 오후 12:00,https://n.news.naver.com/mnews/article/421/0007590963?sid=100,"최장혁 개보위 부위원장, '2024 프라이버시 심포지엄' 참석
최장혁 개인정보위원회 부위원장. 2024.3.13/뉴스1 ⓒ News1 허경 기자


(서울=뉴스1) 이기림 기자 = 최장혁 개인정보보호위원회 부위원장이 인공지능(AI) 시대 개인정보를 다루는 각국의 정책과 관련해 '원칙' 중심 규제 필요성을 국제사회에 제언한다.

최 부위원장은 11일(현지시간) 이탈리아에서 개최되는 '2024 프라이버시 심포지엄'의 '데이터 및 개인정보 보호의 지역적 변화' 세션 발표 및 패널 토론에 참석해 한국 개인정보 보호법과 정책 발전과정을 소개하며 이같이 발표할 예정이다.

최 부위원장은 파편화된 대륙별·국가별 규제와 정책은 국경 간 자유로운 데이터 흐름을 저해할 뿐 아니라 규제의 효과성도 떨어트릴 수 있다는 점을 지적한다. 그러면서 국제적인 대화와 논의를 통해 상호운용성을 높여가는 노력이 필요하다는 점을 강조할 계획이다.

또한 한국 개인정보위가 더욱 활발한 국제 논의의 장을 마련해 나가겠다는 의지와 함께 2025년 서울에서 열리는 GPA(글로벌 개인정보 감독기구 협의체) 총회 준비 상황을 소개해 많은 국가들의 참여와 관심을 당부할 예정이다.

최 부위원장은 프랑스 등 주요국 개인정보 감독기구와 면담도 가진다. 특히 프랑스 감독기구(CNIL)와는 최근 공동작업한 '아동․청소년 개인정보 인식 제고 공동 포스터' 홍보 성과 확산 방안과 AI 정책 협력과제 등에 대해서 논의한다.

프라이버시 심포지엄은 이탈리아 개인정보 감독기구가 2022년부터 매년 주최하는 행사로 개인정보 분야 최신 연구, 규제 동향 등을 공유하고 이해관계자 및 규제‧정책당국 등 다자간 대화와 협력을 도모하기 위한 국제 콘퍼런스이다.

이번 개인정보위의 참여는 국제사회에서 그동안 한국의 데이터 및 개인정보 정책에 관심을 보이며 관련 내용 공유 요구에 따른 것이다.

개인정보위는 한국의 개인정보 정책 및 규제 동향을 국제사회와 공유하고, 데이터 및 개인정보 보호 체계의 국제적 상호운용성 제고에 기여할 계획이다.",[],https://imgnews.pstatic.net/image/421/2024/06/10/0007590963_001_20240610120021730.jpg?type=w647,21
"동남권원자력의학원, 국제규격 감마선 교정 기술 추가 확보",손연우 기자 (syw5345@news1.kr),2024.06.10. 오후 4:17,https://n.news.naver.com/mnews/article/421/0007591927?sid=102,"계용욱 연구원, 감마선의 정확한 측정에 관한 연구
137Cs 감마선장의 몬테카를로 입자 수송 모델링 모식도(의학원 제공)


(부산=뉴스1) 손연우 기자 = 동남권원자력의학원 방사선량평가연구팀 계용욱 연구원이 최근 대한방사선방어학회 춘계학술대회에서 감마선의 정확한 측정에 관한 연구로 우수발표상을 수상했다.

이 연구는 교신저자 강영록, 주저자 계용욱이 참여한 ""몬테카를로 전산모사를 활용한 137Cs(세슘) 감마선 조사용 국제 규격 감마선 콜리메이터(빔 조절기)의 설계 및 방사선장의 특성 평가""라는 제목의 논문에 실렸다.

몬테카를로 전산모사란 넓은 범주의 컴퓨터 알고리즘으로, 반복적인 무작위적 샘플링을 통해서 수치값을 추출하는 방법을 말한다.

의학원 연구센터는 2014년 한국인정기구로부터 KOLAS(한국인정기구) 공인교정기관으로 인정을 받았다. 이후 연구원은 방사선/능 측정과 관련해 공인 교정과 시험 기관으로 활발히 활동하고 있다.

방사선량평가연구팀은 137Cs 감마선 조사의 신뢰성을 높이고 KOLAS 공인 교정기관 인정분야 확대를 위해 국제 규격에 적합한 감마선장 연구를 지속적으로 수행해왔으며 몬테카를로 기법의 전산모사를 통해 ISO 4037 국제 기준에 맞는 감마선장 성능을 만족하는 빔 조절기를 개발했다.

이 연구는 동남권원자력의학원의 정부출연금 사업인 '방사선 영향 및 안전 선량평가 연구'(연구책임자 강영록) 사업의 일환으로 수행됐다.

의학원은 방사선 표준조사와 방사선량 평가에 대한 KOLAS 공인 교정과 시험분야 인정을 확대해 측정의 소급성과 연구결과 신뢰성의 중요성을 널리 알리고자 노력한다는 계획이다.",[],https://imgnews.pstatic.net/image/421/2024/06/10/0007591927_001_20240610161811556.jpg?type=w647,22
"페덱스, ‘2024 FedEx/JA 국제무역창업대회’ 한국 대표 선발",강석봉 기자 ksb@kyunghyang.com,2024.06.10. 오후 2:23,https://n.news.naver.com/mnews/article/144/0000967325?sid=101,"총 3개팀 한국 대표로 선발, 8월 개최하는 싱가포르 지역 본선 진출 예정
페덱스 익스프레스 코리아 이훈중 이사, 베이지 팀, 루돌프팀, HAFS 이노베이터 팀, 루미스게임스 스티브안 대표


세계 최대 특송 회사 중 하나인 페더럴 익스프레스 코퍼레이션(Federal Express Corporation, 이하 ‘페덱스’)는 ‘2024 페덱스/JA 국제무역창업대회(ITC)’ 국내 본선 대회를 개최하고 우승한 3개팀 총 6명을 발표했다고 10일 밝혔다.

선발된 팀은 오는 8월 싱가포르에서 열리는 아시아, 중동 및 아프리카(AMEA) 지역 본선 대회에 한국 대표로 출전하게 된다.

페덱스는 지난 2007년부터 매년 청소년 교육 국제 비영리단체인JA코리아와 협력해 대한민국 청소년의 성장과 발전을 지원하고 있다. 또한, ITC 프로그램을 통해 학생들에게 국제 무역 분야에 집중된 팀 활동과 맞춤형 워크숍을 제공하면서 미래의 커머스 리더로 성공할 수 있는 기반을 마련하고 있다.

이번 한국 본선 우승팀은 총 3개팀(6명)으로, △베이지(이지아, 배수윤, 민족사관고등학교), △HAFS혁신가(이정민, 김에단, 용인한국외국어대학교부설고등학교), △루돌프(김수민, 조세연, 이화여자고등학교, 용인한국외국어대학교부설고등학교)다.

올해 학생들은 호주를 대상으로 물 절약에 중점을 둔 제품의 시장 진출 전략을 개발하는 과제를 받았다. 해당 주제는 극심한 더위가 호주 생태계와 인프라에 영향을 미치고 있는 상황에 시의적절하다고 평가됐다.

다가오는 8월에 싱가포르에서 개최되는 지역 본선 대회는 펜데믹 이후 처음으로 대면 행사로 전환된다. 한국에서 우승한 학생들은 대회에 참가해 홍콩, 인도, 인도네시아, 일본, 말레이시아, 필리핀, 싱가포르, 태국, 베트남 국적의 학생들과 협업 및 경쟁을 펼치게 된다. 또한, 아시아 전역의 다양한 문화권에서 온 또래 학생들과 함께 토의하고, 아이디어와 인사이트를 나누며, 건설적인 토론을 하는 기회를 갖는다.

박원빈 페덱스 코리아 지사장은 “국제무역창업대회를 지원하며 한국 청소년들에게 기업가 정신을 함양할 수 있는 기회를 제공할 수 있어 뿌듯하다”며 “젊은 세대가 급변하고 역동적인 현재의 비즈니스 환경 속에서 성공하는 필요한 역량을 갖추도록 최선을 다해 지원을 아끼지 않을 것이다. 이 대회의 가장 큰 이점 중 하나는 팀워크, 네트워킹, 문제해결, 비판적 사고, 혁신, 자기 훈련과 같은 중요한 능력을 배울 수 있는 기회라는 점이다. 이를 통해 학생들이 향후 기업가로서 성장하고, 더 나아가 한국의 경제적 성공에도 기여하기를 바란다”고 전했다.

한편, FedEx/JA 국제무역창업대회는 현재까지 2,800명 이상의 한국 학생들이 참여했으며, 2018년, 2021년, 2023년에는 3명의 학생이 다른 나라 학생과 한 팀을 이뤄 지역 본선에서 우승한 바 있다.

강석봉 기자 ksb@kyunghyang.com",[],https://imgnews.pstatic.net/image/144/2024/06/10/0000967325_001_20240610142313211.jpg?type=w647,23
"푸틴 두 딸, 러 국제행사에 이례적 등장",홍정수 기자 hong@donga.com,2024.06.10. 오전 3:02,https://n.news.naver.com/mnews/article/020/0003569489?sid=102,"푸틴, 전처와 얻은 딸… 비밀 부쳐와
본인 건강악화설 의식해 공개한듯

블라디미르 푸틴 러시아 대통령의 두 딸이 5일부터 상트페테르부르크에서 개최된 국제경제포럼(SPIEF)에 나란히 등장했다고 러시아 매체 노바야 가제타 유럽 등이 전했다. 서방의 제재를 받고 있는 데다 푸틴 대통령이 자신의 자녀라고 공개적으로 인정한 적이 없는 딸들이 이례적으로 ‘러시아의 다보스 포럼’으로 불리는 국제무대의 공식석상에 선 것이다.

생물학을 전공한 유전연구자인 맏딸 마리야 보론초바(39)는 7일 SPIEF에서 생물경제학을 주제로 직접 연설했다. 둘째 카테리나 티호노바(38)는 전날 기술 주권 보장에 관한 포럼에 영상으로 참석했다. 물리학 수학을 전공한 티호노바는 러시아 기술기업 인노프락티카를 이끌었다. 푸틴 대통령은 1983년 결혼해 2013년 이혼한 전처 류드밀라 푸티나와의 사이에서 얻은 두 딸의 이름이나 직업을 직접 언급하지 않으며 비밀에 부쳐 왔다.

이 때문에 두 딸이 같은 행사에 등장한 배경은 푸틴 대통령이 최근 불거지는 건강 악화설을 의식한 것이라는 추측이 나온다.",[],https://imgnews.pstatic.net/image/020/2024/06/10/0003569489_001_20240610030204592.jpg?type=w647,24
국제 장애계 서울시의회 탈시설지원조례 폐지 규탄한다,박지혜 기자(pjh2580@news1.kr),2024.06.10. 오후 2:33,https://n.news.naver.com/mnews/article/421/0007591453?sid=102,(서울=뉴스1) 박지혜 기자 = 서울장애인차별철폐연대 관계자들이 10일 오후 서울 중구 서울시의회 앞에서 국제 장애계 서울시의회 탈시설지원조례 폐지 규탄 긴급공동성명 발표 기자회견을 하고 있다. 2024.6.10/뉴스1,[],https://imgnews.pstatic.net/image/421/2024/06/10/0007591453_001_20240610143412005.jpg?type=w647,25
엄격한 국제 유기농 기준도 가뿐한 '보성 녹차' 프랑스인 제대로 취향저격,보성=박지훈 기자(jhp9900@sedaily.com),2024.06.10. 오후 2:50,https://n.news.naver.com/mnews/article/011/0004351145?sid=102,"10톤 이어 3.5톤 추가 수출길
상차식 열고 글로벌 경쟁 시동
김철우(뒷줄 왼쪽 여섯번째) 보성군수가 지난 7일 보성 유기농 녹차의 프랑스 수출 상차식에서 관계자들과 기념촬영을 하고 있다. 사진 제공=보성군

[서울경제]

전남 보성군은 ‘보성 녹차’가 2022년부터 이어진 총 10톤의 프랑스 수출에 더해 올해 3.5톤 이 추가로 수출길에 오른다고 10일 밝혔다. 이번 수출은 2022년 ‘프랑스 파리의 SIAL 박람회’에서 진행된 보성군과 보향다원 프랑스 차 전문 업체의 수출계약을 통해 이뤄졌다.

수출품은 보성군에서 유기농으로 재배된 녹차로 보성차생산자조합의 철저한 품질 관리와 검사를 통해 엄격한 국제 유기농 기준에 맞춰 생산된 제품이다.지난 7일 열린 프랑스 수출 상차식은 김철우 보성군수, 문금주 더불어민주당 국회의원(고흥·보성·장흥·강진), 임용민 보성군의회 의장, 신현곤 전남도 국제협력관, 백해종 보성차생산자조합회 조합장, 최영기 보향다원 대표를 비롯한 관계자 20여 명이 참석했다.

이번 선적은 6월 중 진행될 예정이며, 보성 차는 앞으로 프랑스 전역의 티 전문 체인과 카페, 백화점 등에서 유통·판매된다. 군은 2022년부터 3년 간 이어진 프랑스 수출 성과를 바탕으로 현지 시장조사와 수출 상담, 품목 다양화 등을 통해 수출 대상국을 넓히는 등 수출 활성화에 만전을 기울일 방침이다.

김철우 보성군수는 “보성녹차의 우수한 품질을 인정받아 유럽으로의 수출이 꾸준히 증가하고 있다”며 “‘대한민국 녹차수도’라는 명성에 걸맞게 보성 차의 우수한 품질과 높은 경쟁력을 세계에 널리 알릴 수 있도록 적극 지원하겠다”고 말했다.

한편 보향다원은 보성읍에서 대대로 농사를 짓고 차를 만들어 온 농업기술명인 최영기 대표가 운영 관리하고 있으며, 10여국에 꾸준히 차를 수출해 왔다. 녹차 이외에도 띄움차, 전차 등 유서 깊은 문화와 전통을 가진 한국의 차를 지속적으로 홍보·판매하고 있다.",[],https://imgnews.pstatic.net/image/011/2024/06/10/0004351145_001_20240610145010956.jpg?type=w647,26
"""이스라엘, 인질 4명 구하려 236명 살해""…국제사회 강력 규탄",최서윤 기자 sychoi@asiae.co.kr,2024.06.09. 오전 11:16,https://n.news.naver.com/mnews/article/277/0005429128?sid=104,"EU·이집트 '민간인 학살' 규탄…팔 수반, 안보리에 'SOS'
이스라엘 '모르쇠'…""100명 미만 사상, 테러범 몇명인지 몰라""
이스라엘이 인질 구출을 이유로 팔레스타인 민간인을 대량으로 살상했다는 비판이 일고 있다. 이번 군사작전은 제노사이드와 전쟁범죄 논란을 불러일으켰고, 서방과 아랍권에서 규탄의 목소리가 나오고 있다.

8일(현지시간) 이스라엘 텔아비브에서 열린 가자지구 인질 석방 집회에 참석한 한 여성 [이미지출처=로이터통신·연합뉴스]

이스라엘군 공격을 받은 가자지구 누세이라트 난민촌에서 연기가 피어오르는 모습 [이미지출처=신화통신·연합뉴스]


이스라엘군은 8일(현지시간) 팔레스타인 가자지구에서 무장정파 하마스에 억류된 인질 4명을 구출하는 과정에서 수백명의 사상자를 냈다. 미국 CNN 방송은 가자지구 당국은 가자지구 중부 누세이라트 난민촌에서 벌어진 이스라엘군의 작전 도중 최소 236명이 사망하고 400명 이상이 부상했다고 밝혔다.

현지 의료진은 사망자 시신이 병원 두 곳으로 옮겨졌으며, 정확한 사상자 수는 확인할 방법이 없다고 전했다. 작전 지역에서는 격렬한 포격과 공습이 목격됐다. 당시 누세이라트에서 물건을 사던 주민 니달 압도는 ""엄청난 폭격이 있었다""며 ""10분도 안 돼 150발의 로켓이 떨어졌고, 도망치는 동안 시장에 더 많은 로켓이 떨어졌다""고 말했다.

지난달 9일(현지시간) 이스라엘 남부 가자지구 분리장벽 인근에 이스라엘군 탱크와 장갑차들이 집결한 모습 [이미지출처=EPA·연합뉴스]


하마스는 이번 작전에 대해 ""문명과 인류의 가치가 결여된 잔혹한 범죄""라며 ""무고한 민간인에 대한 끔찍한 학살""이라고 비난했다. 이스라엘군도 하마스의 공격을 받는 특수부대를 보호하기 위해 공습과 포격을 했다는 사실을 시인했다.

마무드 아바스 팔레스타인 자치정부(PA) 수반은 이스라엘의 공격을 ""피비린내 나는 학살""로 규정하고, 유엔 안전보장이사회(안보리) 긴급회의 소집을 요구했다.

서방에서도 규탄 목소리가 나왔다. 호세프 보렐 유럽연합(EU) 외교안보 고위대표는 ""가자지구에서 민간인 학살이 발생했다는 보도는 충격적""이라며 ""우리는 이를 강력히 규탄하고, 유혈사태는 즉각 중단돼야 한다""고 촉구했다.

8일(현지시간) 이스라엘 텔아비브에서 열린 시위에서 포스터를 들고 있는 시위자를 향해 이스라엘 경찰이 물대포를 쏘고 있다. 베냐민 네타냐후 총리 정부에 반대하고 가자지구에 있는 인질들의 석방을 요구하는 시위였다. [이미지출처=로이터통신·연합뉴스]


휴전 협상을 중재해 온 이집트도 이스라엘의 공격을 규탄하며 ""이 공격은 국제법과 국제인도법을 노골적으로 위반한 것""이라고 비난했다. 이집트 외무부는 ""150명 이상의 팔레스타인 민간인이 숨지고 수백 명이 다쳤다""고 밝혔다.

이스라엘은 민간인 피해가 불가피했다는 입장을 고수하고 있다. 이스라엘군 수석대변인 다니엘 하가리 소장은 ""100명 미만의 팔레스타인 사상자에 대해 알고 있다""며 ""이 중 테러범이 얼마나 포함되어 있는지는 알 수 없다""고 말했다. 베냐민 네타냐후 이스라엘 총리는 이번 작전에 대해 ""이스라엘은 테러리즘에 굴복하지 않는다""고 자평했다.

베냐민 네타냐후 이스라엘 총리 [이미지출처=연합뉴스]


지난해 10월 7일 이스라엘과 하마스의 전쟁 이후, 가자지구에서 3만6000명 이상이 숨진 것으로 하마스 측 보건부는 집계했다.

국제형사재판소(ICC)의 카림 칸 검사장은 지난 4월 전쟁범죄 혐의로 네타냐후 총리와 요아브 갈란트 이스라엘 국방장관, 하마스 지도부에 대해 체포영장을 청구했다.","['누가 인질 잡으랬나? 저기 개슬람들은 일반 시민들도 다 하마스 직간접적으로 연관되있더만', '납치를 왜 했냐 자업자득이지 조지는게 답이다', '웃기네~ 전쟁하면서 적국사정 봐주면서 하냐?..', '이스라엘은 뭐 전세계 깡패냐 핵을 쓰든 말든 똑같이 해줘야 다음에 저렇게 못하지', '논란이냐']",https://imgnews.pstatic.net/image/277/2024/06/09/0005429128_001_20240609123613195.jpg?type=w647,27
"국제안전도시 광명시, '지속가능한 안전도시' 구현 노력",김동선(pckimds@tf.co.kr),2024.06.10. 오후 6:24,https://n.news.naver.com/mnews/article/629/0000294807?sid=102,"10일 ‘국제안전도시 분과별 실무위원회 워크숍’ 개최

10일 광명평생학습원에서 열린 ‘국제안전도시 분과별 실무위원회 워크숍’ 모습/광명시


지난해 10월 국제안전도시로 인증받은 경기 광명시가 지속가능한 안전도시를 구현하기 위해 10일 광명평생학습원에서 ‘국제안전도시 분과별 실무위원회 워크숍’을 개최했다.

이날 워크숍에서는 6개 분과(교통·산업·재난 안전, 낙상·자살·폭력 예방) 위원들이 참여해 국제안전도시 한국지원센터장인 박남수 협성대학교 교수 진행으로 제2기 국제안전도시 사업추진 방향과 분과별 추진계획을 공유했다.

광명시는 ‘시민이 주도하는 안전도시 광명’을 비전으로 지역 안전수준을 높이고 지속가능한 안전 사업 기반을 조성하기 위해 △고위험 취약계층 환경 관리 등 안전 형평성 확보 △지속적 안전사고 감시체계 운영 등 사업수행 체계 조성 △주민 참여 등 지역안전거버넌스 활성화 △사업수행 역량 강화 등 중장기 사업을 추진한다.

시는 이번 워크숍에서 향후 5년마다 국제안전도시 공인 재심사를 추진하며 지속가능한 안전도시 구현을 위해 노력하기로 했다. 또한 안전 문제를 정확히 진단하고 다양한 안전 사업추진과 모니터링, 지속적인 거버넌스 운영, 시민의 자발적 참여를 이끄는 과정을 지속해 나갈 예정이다.

광명시에 따르면 스웨덴에 본부를 둔 ‘국제안전도시 공인센터(ISCCC)’가 공인하는 국제안전도시는 지역사회 구성원이 사고와 재해 등으로 인한 손상을 줄이고 안전을 증진하기 위해 지속적, 능동적으로 노력하는 도시를 말한다. 광명시는 시민단체와의 협업 등 노력 끝에 지난해 세계 438번째 국제안전도시로 공인받았다.

박승원 시장은 ""국제안전도시로 공인받은 것은 더욱 안전한 도시를 위해 지역사회 모두가 힘을 모아 효과적이고 지속적인 활동을 이어 나가겠다는 의미""라며 ""앞으로 국제안전도시 네트워크의 모범 도시로서 시민과 함께 안전한 광명시를 만들어 가도록 노력하겠다""고 말했다.

발로 뛰는 더팩트는 24시간 여러분의 제보를 기다립니다.
▶카카오톡: '더팩트제보' 검색
▶이메일: jebo@tf.co.kr
▶뉴스 홈페이지: http://talk.tf.co.kr/bbs/report/write",[],https://imgnews.pstatic.net/image/629/2024/06/10/202486921718010947_20240610182414938.jpg?type=w647,28
"해수부, '해양·수산 국제기구 포럼' 개최…""해양생물다양성 보존""",박성환 기자(sky0322@newsis.com),2024.06.10. 오전 11:00,https://n.news.naver.com/mnews/article/003/0012595772?sid=101,"해양생물다양성 보존 이행방안 논의
[서울=뉴시스] 제4차 해양·수산 국제기구 포럼.


[서울=뉴시스] 박성환 기자 = 해양생물다양성 보존을 위해 전 세계 해양·수산 국제기구 및 전문가들이 한 자리에 모인다.

해양수산부(장관 강도형)는 오는 11일부터 14일까지 서울 신라호텔에서 '해양 분야 주요 글로벌 프레임워크 구현을 위한 지역 리더십의 촉진'이라는 주제로 '제4차 SOI(지속가능한 해양이니셔티브) 세계 해양·수산 국제기구 포럼'이 개최된다고 10일 밝혔다.

올해로 네 번째를 맞이한 이번 행사는 생물다양성협약(CBD) 사무국이 주최하고, 국립해양생물자원관(관장 최완현)이 주관한다. 해수부와 프랑스생물다양성연구소, 모나코 정부가 공동 후원한다.

포럼에는 생물다양성협약(CBD) 사무국, 세계식량기구(FAO), 유엔환경계획(UNEP) 지역대표를 비롯하여 50여개 지역 해양관리기구 및 수산기구 대표들과 국내외 전문가 등 100여명이 참석할 예정이다.

포럼에서는 전 세계의 해양생물다양성을 보호하고 회복해 나가자는 공동 목표를 달성하기 위해 기구 간의 협력을 강화하기 위한 방안을 논의한다. 또 지난 3회차에 걸쳐 구축한 협력 관계를 바탕으로 해양생물다양성 보존을 위한 구체적이고 실효성 있는 이행방안 등을 논의할 계획이다.

송명달 해수부 차관은 환영사를 통해 ""이번 포럼에서 2030년까지 해양 면적의 30%를 보호구역으로 지정한다는 '쿤밍-몬트리올 글로벌 생물다양성 프레임워크(GBF)'와 공해상에서 생물다양성 보존을 강조하는 '국가관할권 이원지역의 해양생물다양성 보존을 위한 협약(BBNJ)' 이행을 위한 심도 있는 논의가 이뤄질 것""이라며 ""이번 포럼이 해양 보호를 위한 국제적 노력을 한 단계 끌어올리는 중요한 계기가 될 수 있기를 바란다""고 말할 예정이다.",[],https://imgnews.pstatic.net/image/003/2024/06/10/NISI20240610_0001571464_web_20240610093135_20240610110021635.jpg?type=w647,29
"한국인 최초 국제 라디오극 공모전 수상작, 다음주 첫 방송",황재하(jaeh@yna.co.kr),2024.06.10. 오후 4:28,https://n.news.naver.com/mnews/article/001/0014737901?sid=103,"권혁인 작가의 '스테디 아이즈'…BBC 월드 서비스 공개


권혁인 영화감독 겸 작가
[미디어레볼루션 제공. 재판매 및 DB 금지]


(서울=연합뉴스) 황재하 기자 = 영국 라디오 방송사인 BBC 월드 서비스와 영국문화원이 주최하는 국제 라디오극 공모전에서 한국인 작가의 작품으로는 최초로 우승한 라디오극 '스테디 아이즈'(Steady Eyes)가 이달 15일(현지시간) 공개된다.

BBC 월드 서비스는 한국인 권혁인 영화감독 겸 작가가 집필해 지난해 11월 '2023 국제 라디오극 공모전' 영어 비모국어 부문에서 상을 받은 '스테디 아이즈'를 방송할 예정이라고 10일 밝혔다.

'스테디 아이즈'는 서울을 배경으로 삼대에 걸친 한 가족의 갈등을 그리는 가족 드라마에 SF 요소를 가미한 작품이다.

국제 라디오극 공모전은 격년으로 열리며 지난해 28회를 맞았다. 영어 모국어 부문과 영어 비모국어 부문으로 나눠 수상작을 선정하고 있으며 한국인 작가가 수상한 것은 권 작가가 처음인 것으로 알려졌다.

BBC 월드 서비스는 국제적 라디오 방송사로, 국내에서는 BBC 웹사이트에 접속해 청취할 수 있다.

권 작가는 ""영국 유학 중이던 2016년 국제 라디오극 공모전에 대해 처음 알게 됐다. 마감이 일주일 남았었는데, 뭣도 모르고 써서 냈다가 심사위원의 칭찬을 받은 작품 중 하나로 선정됐다""고 공모전과의 인연을 설명했다.

이어 ""그때의 경험이 영어로 계속 글을 쓰게 된 원동력이 됐고 격년으로 열리는 공모전에 꾸준히 응모하다가 지난해 좋은 결실을 거뒀다""며 ""영어로 쓴 작품으로 글로벌 매체를 통해 작가로 데뷔해 얼떨떨하다""고 말했다.

jaeh@yna.co.kr",[],https://imgnews.pstatic.net/image/001/2024/06/10/AKR20240610119800005_01_i_P4_20240610162815506.jpg?type=w647,30
"동아대, 태국 치앙마이대학과 국제교류 활성화 논의",권병석 기자 (bsk730@fnnews.com),2024.06.10. 오후 2:18,https://n.news.naver.com/mnews/article/014/0005197104?sid=102,"아대와 태국 치앙마이대학 관계자들이 기념촬영을 하고 있다. 동아대 제공

[파이낸셜뉴스] 동아대학교는 최근 태국 치앙마이대학 방문단과 국제교류 활성화 방안을 논의했다고 10일 밝혔다.

치앙마이대학은 의과대학, 공과대학, 경영대학 등 20개 단과대학과 3만 8000여명의 재학생을 보유한 태국 내 우수 국립대학이다.

치앙마이 대학 측에서는 총장 퐁룩 스리난딧몽콜, 의대학장 바나키즈 로자나피왓, 한·태 전염병 연구센터 과장 프라판 주타비지툼 교수가 동아대를 방문했다.

동아대는 강대성 부총장과 박현태 대외국제처장, 전미라 교무처장, 신상문 입학관리처장, 최정주 창업지원단장, 국제교류과 관계자가 참석, 치앙마이 대학 방문단과 만남을 가졌다.

치앙마이대학 방문단은 동아대 승학캠퍼스 도서관, 고기능성밸브기술지원센터 등을 견학하며 관련 분야 교류 활성화 방안 등을 논의했다.

치앙마이대학 측은 “규격 인증을 통해 수익을 창출하고 연구 활동을 수행하고 있는 동아대로부터 배울 점이 많다”면서 “두 대학에서 강세를 보이는 바이오 분야와 협력한다면 혈류 유동 판막 등 분야에서 연구 시너지를 낼 수 있을 것으로 기대한다”라고 밝혔다.

강 부총장은 ""이번 방문을 계기로 앞으로 두 대학 간 교류뿐 아니라 다양한 분야에서 서로 활발히 교류할 수 있으면 좋겠다”라고 화답했다.",[],https://imgnews.pstatic.net/image/014/2024/06/10/0005197104_001_20240610141817408.jpg?type=w647,31
제주국제대학교 기숙사에 불…학생 등 22명 대피,고동명 기자 (kdm@news1.kr),2024.06.08. 오전 11:58,https://n.news.naver.com/mnews/article/421/0007588676?sid=102,"신고 20여분만에 진화
ⓒ News1 DB


(제주=뉴스1) 고동명 기자 = 8일 오전 10시32분쯤 제주시 영평동 제주국제대학교 기숙사 건물 1층에 다량의 연기가 발생했다는 신고가 119에 접수됐다.

제주소방안전본부에 따르면 이 불은 신고 20여분만인 10시 53분쯤 꺼졌으며 당시 건물 안에 있던 학생 등 22명은 모두 대피했다.

소방당국은 연기가 걷힌 후 피해 여부를 정확히 확인하는 한편 샤워실 천장에서 불꽃이 보였다는 목격 등을 토대로 화재 경위도 조사할 예정이다.",[],https://imgnews.pstatic.net/image/421/2024/06/08/0007588676_001_20240608115908906.jpg?type=w647,32
"구미시, 국내 첫 '경북도 국제 AI·메타버스 영화제' 연다",박홍식 기자(phs6431@newsis.com),2024.06.09. 오후 2:18,https://n.news.naver.com/mnews/article/003/0012594628?sid=102,"구미시 일원서 다양한 프로그램 진행
국내·외 영화계 인사 대거 참석
경북도 국제 AI·메타버스 영화제 포스터 (사진=구미시 제공) *재판매 및 DB 금지
[구미=뉴시스] 박홍식 기자 = 경북 구미시는 국내 최초 '2024 경상북도 국제 AI·메타버스 영화제'를 개최한다고 9일 밝혔다.

오는 15~16일 금오산 잔디광장 등 구미시 일원에서 열린다.

'예술과 기술의 융화, 새로운 창작과 국제교류 확장성'을 주제로 다양한 프로그램으로 꾸몄다.

포럼, 레드카펫, 개막식, 영화 상영회, 코스프레 이벤트, 체험부스 등 볼거리가 준비돼 있다.

15일 오후 7시 금오산 잔디광장에서 열리는 개막식에는 이철우 경북도지사, 김장호 구미시장, 이장호·양윤호·장철수 영화감독, 홍보대사인 배우 정태우, 서지수 등 국내·외 영화인들이 대거 참석한다.

그랙 슈렝크 미국 뉴포트비치 영화제 조직위원장과 알틴벡 막수토프 키르기스스탄 문화부장관, 키르기스스탄 스마트폰 영화제 조직위원장, 태국 영화제작사 엠플로우 민트 대표 등 세계 각국 영화계 인사들이 참석해 자리를 빛낸다.

주제공연인 VR 드로잉 퍼포먼스, 가수 노라조, 린의 축하공연도 흥을 돋운다

공모전을 통해 선정된 출품작과 교류영화제 초청작, 특별상영작 등 총 48편을 상영한다.

구미지역 멀티플랙스 영화관(롯데시네마 프리미엄 구미센트럴 3관, 5관)과 구미영상미디어센터(김유영관)에서 무료로 관람할 수 있다.

롯데시네마 구미센트럴 2개관에서는 양경미 영화평론가, 소희정 박사의 진행으로 이장호, 장철수, 권한슬 감독 등 영화인과 관객들이 직접 만나 영화에 관해 대화하는 GV(Guest Visit) 행사를 마련해 관객들의 영화감상에 재미를 더할 전망이다.

김장호 구미시장은 ""노잼도시 구미가 라면축제, 달달한 낭만 야시장 등이 시민들에게 사랑받는 구미대표 볼거리, 즐길거리로 자리잡으며 문화와 낭만이 있는 낭만문화도시로 변화하고 있다""며 ""이번 영화제가 AI·메타버스와 영화의 만남이라는 문화예술의 새로운 패러다임을 제시하고 시민들에게 또 다른 즐거움을 선사해줄 것으로 기대한다""고 말했다.",[],https://imgnews.pstatic.net/image/003/2024/06/09/NISI20240609_0001571137_web_20240609141141_20240609141913676.jpg?type=w647,33
한중 국제야구 교류전 창녕스포츠파크서 열린다,안지율 기자(alk9935@newsis.com),2024.06.09. 오전 7:54,https://n.news.naver.com/mnews/article/003/0012594223?sid=102,"10~11일 창녕스포츠파크 야구장에서
[창녕=뉴시스] 2024 한중 국제야구 교류전 포스터. (사진=창녕군 제공) 2024.06.08. photo@newsis.com *재판매 및 DB 금지


[창녕=뉴시스] 안지율 기자 = 경남 창녕군은 오는 10일부터 11일까지 창녕스포츠파크 야구장에서 열리는 '2024 한중 국제야구 교류전'에 한국 대학 올스타팀과 중국 장쑤성 프로야구단(장쑤 휴즈홀스)이 맞붙는다고 9일 밝혔다.

하드스포츠와 부곡온천관광협의회가 주최하고, 한국대학야구연맹이 주관하는 이 대회는 10일 오후 2시에 시작되며, SOOP(옛 아프리카 TV)에서 생중계될 예정이다.

이번 경기에는 대학 올스타와 성인 대표팀에 선발됐던 좌완 에이스 강민구(연세대), 191cm 장신의 손힘찬(동아대)이 최고 구속 148km/h의 직구를 던지며, 대학 통산 9홈런 55타점을 기록한 강타자 김동현(성균관대) 등 한국 대학 야구의 에이스들이 대거 출전한다.

중국 장쑤성 프로야구단(장쑤 휴즈홀스)은 2023년 독립야구단 경기도리그와의 친선 경기에서 전승을 거둔 강팀으로, 치열한 한중 대결이 예상된다.

군 관계자는 ""이 교류전을 통해 한중 양국 선수들의 실력을 가늠하고, 미래의 야구 스타들을 미리 볼 수 있는 의미 있는 경기가 될 것이다""며 ""수준 높은 경기를 기대하며 많은 관중이 경기장을 찾아줄 것을 희망한다""고 말했다.",[],https://imgnews.pstatic.net/image/003/2024/06/09/NISI20240608_0001570791_web_20240608085458_20240609075515841.jpg?type=w647,34
한일 방사선 비상진료 분야 국제협력 강화 나서,이순용(sylee@edaily.co.kr),2024.06.10. 오후 1:18,https://n.news.naver.com/mnews/article/018/0005760579?sid=102,"한국원자력의학원, 일본 나가사키대학과 세미나 개최
[이데일리 이순용 기자] 한국원자력의학원(원장 이진경)은 국가방사선비상진료센터에서 일본 나가사키대학과 한일 방사선 비상진료 분야 국제협력 세미나를 개최했다고 10일 밝혔다.

나가사키대학과 의학원은 지난 2017년 방사선 비상진료 분야 업무협약 체결에 이어 지난해 갱신 체결에 따라 그간 협력사업 성과 검토와 향후 추진과제 논의에 대한 공감대를 형성하여 이번 세미나를 개최했다.

세미나에서는 후쿠시마 원전사고 교훈 및 주민 생활 재건을 위한 소통을 주제로 나가사키대학 노보루 타카무라 교수와 히토미 마츠나가 박사의 강연과 함께 방사선 비상진료 공동연구 수행, 학술정보 교류, 인력 교류 등 향후 협력사업에 대한 논의가 이뤄졌다.

이진경 원장은 “나가사키대학과 지속적으로 방사선 비상진료 정보 교류의 장을 마련하여 국내 방사선 비상진료 체계를 한층 고도화할 수 있는 협력방안을 도출하고 공조 체계를 강화해 양 국민의 안전과 건강 증진에 이바지 할 수 있기를 기대한다”고 말했다.

한편 나가사키대학은 2차 세계대전 당시 원폭 투하로 인한 일본 자국 내 피폭자 관리 및 방사선 건강영향 연구에 주도적인 역할을 하고 있으며, 원자력 재해 의료팀의 파견 및 활동을 지원하는 원자력 재해 의료·종합지원센터로서 일본 전역의 의료기관과 네트워크를 구축하고 있다.",[],https://imgnews.pstatic.net/image/018/2024/06/10/0005760579_001_20240610131811443.jpg?type=w647,35
국제유가 하락에 휘발유 5주 연속 하락,김진환 기자(kwangshinQQ@news1.kr),2024.06.09. 오후 1:29,https://n.news.naver.com/mnews/article/421/0007589444?sid=101,"(고양=뉴스1) 김진환 기자 = 국내 주유소에서 판매하는 휘발유·경유 가격이 동반 하락했다. 국제 유가가 두 달 넘게 하락 곡선을 그리고 있어 국내 가격도 당분간 내림세를 유지할 전망이다.

한국석유공사 유가정보시스템 오피넷에 따르면 6월 첫째 주 기준 휘발유의 평균 판매 가격은 리터(L)당 1666.9원으로 전주 대비 11.5원 하락했다.

경유 판매 가격은 1497.5원으로 전주보다 14.4원 내렸다. 6주 연속 하락으로, 주간 단위 1400원대에 진입한 건 지난 1월 다섯 째 주 이후 약 4개월 만이다.

사진은 9일 경기 고양시 내 한 주유소에서 휘발유를 주유하는 시민. 2024.6.9/뉴스1",[],https://imgnews.pstatic.net/image/421/2024/06/09/0007589444_001_20240609133013164.jpg?type=w647,36
"정부, 北 참여한 국제회의서 오물풍선·GPS교란 규탄",송복규 기자 bgsong@chosunbiz.com,2024.06.08. 오후 10:22,https://n.news.naver.com/mnews/article/366/0000997243?sid=100,"외교부 차관보 “北, 비이성적 도발 행위”


7~8일 라오스 베인티안에서 열린 아세안 관련 고위관리회의(SOM)에 참석한 정병원 외교부 차관보./외교부

정부가 국제회의 같은 공개석상에서 최근 북한의 오물풍선 살포를 규탄했다. 이 국제회의에는 북한 대사도 참여했다.

8일 외교부에 따르면 정병원 차관보는 전날부터 이틀 동안 라오스에서 열린 ‘아세안 관련 연쇄 협의체 고위관리회의(SOM)’에 한국 수석대표로 참석했다.

SOM은 아세안지역안보포럼(ARF)과 아세안+3, 동아시아 정상회의(EAS) 등으로 구성됐다. 이중 ARF는 아세안 10개국과 남·북한, 미국, 중국, 일본 등 27개국이 참여하는 다자 안보 협의체다. ARF 고위관리회의에는 리영철 북한 주라오스대사가 참석했다.

정 차관보는 ARF와 EAS 고위관리회의에서 북한의 군사정찰위성과 탄도미사일 발사, 오물풍선 살포를 언급하며 “비이성적 도발 행위”라고 규탄했다. 그러면서 북한의 긴장 고조 행위 중단과 비핵화를 위해 국제사회가 분명한 대외 메시지를 보내야 한다고 강조했다.

ARF 회원국 대부분은 북한의 긴장 고조 행위에 우려를 표명했다. 또 유엔 안전보장이사회(안보리) 경의 준수와 외교를 통한 문제해결을 강조한 것으로 전해졌다.","['좌파들은 일본에는 전쟁을 불사하며 덤비자면서 북한에는 바로 꼬랑지 내리기 급급하네 사상이 훤히 드러나네', '민주당은 이런거 규탄 안하냐?', '불꽃축제때 보니 드론으로 별꺼 다 만들겠더만, 확성기 보다 진보된 드론으로 김정은 만행 띄워라 좀더 과학적으로 진행시켜야된다. 똥이 머고 쪽팔리게', 'ㅁ']",https://imgnews.pstatic.net/image/366/2024/06/08/0000997243_001_20240608222212936.jpg?type=w647,37
"세계유산 국제해석설명센터, '생태 위기 시대의 역사' 국제학술회의",이수지 기자(suejeeq@newsis.com),2024.06.10. 오후 4:18,https://n.news.naver.com/mnews/article/003/0012596924?sid=103,"[서울=뉴시스] '생태 위기 시대의 역사, 기억과 유산' 국제학술대회 (사진=유네스코 세계유산 국제해석설명센터 제공) 2024.06.10. photo@newsis.com *재판매 및 DB 금지


[서울=뉴시스] 이수지 기자 = 국가유산청 산하 유네스코 세계유산 국제해석설명센터는 오는 13~14일 서울시립미술관 세마홀에서 '생태 위기 시대의 역사, 기억과 유산'를 주제로 국제학술회의를 개최한다.

최근 기후위기로 대두되는 환경인문학을 키워드로 역사학, 문학, 인류학, 지리학, 고고학, 유산학, 기억연구 분야 국내·외 연구자들이 학제간 상호 접점을 모색하는 자리다.

첫날에는 학자 6명이 다양한 연구성과를 통해 환경인문학 관점의 중요성을 강조한다.

'불편 문화유산으로서의 채굴과 멸종', '부재, 망각과 사회운동: 환경 피해, 기억, 유산', '기억과 자연보전: 기억 생태학의 관점', '인류세 아시아의 몬순도시와 환경인문학,' '라틴아메리카의 문학적 기억과 환경정책', '동아시아 산업적 과거의 정치: 발전-환경의 얽힌 역사' 등에 대한 발표가 있다.

둘째 날에는 유산 해석, 보전, 관리, 정책 실무 분야 전문가 5명이 발표한다.

'세계유산제도에 있어서 물적 보존을 넘어선 유산 해석' , '해석전략 - 사람과 장소 연결: 방법론과 사례연구', '변화된 소통 모델과 변화하는 유산현장에 대한 해석 시스템기반적 접근', '지속가능한 유산 관리의 해석적 차원: 플로렌스와 에딘버르 세계유산도시 사례', '기억에 남는 경험을 통한 의미있는 변화 창출' 등이다.

서강대 트랜스내셔널인문학연구소(CGSI)와 유네스코 세계유산 국제해석설명센터연구개발실이 협업한 이번 행사는 센터 공식 유튜브를 통해 영문으로 생중계된다.",[],https://imgnews.pstatic.net/image/003/2024/06/10/NISI20240610_0001572140_web_20240610161224_20240610161917210.jpg?type=w647,38
"""4명 구출하려고 200명 죽였나""…국제사회, 이스라엘 인질 구출 작정 맹비난",이교욱 기자 education@mbn.co.kr,2024.06.09. 오후 8:08,https://n.news.naver.com/mnews/article/057/0001822610?sid=104,"【 앵커멘트 】
지난해 10월 하마스가 이스라엘을 급습할 당시 잡혀간 인질 중 4명을 이스라엘군이 구출했습니다.
반전 여론이 들끓는 상황 속에서 이스라엘군은 이번 구출 소식을 대대적으로 홍보했는데요.
하지만 구출 작전 과정에서 민간인 수백 명이 희생돼 국제사회는 비판하고 있습니다.
이교욱 기자가 보도합니다.

【 기자 】
이스라엘군이 구출한 여성 인질을 헬기에 태우고 급히 이륙합니다.

탑승한 인질은 지난해 10월 7일 하마스가 납치해 간 노아 아르가마니로, 245일간 억류돼 있었습니다.

현지시각 8일 낮, 이스라엘군이 가자지구 중부 난민촌을 급습해 인질 4명을 구출하면서 고국 땅을 밟게 됐습니다.

▶ 인터뷰 : 노아 아르가마니 / 구출 인질
- ""기쁩니다. 이스라엘이 그리웠고, 히브리어도 그리웠어요.""

지난해 10월에 한 명, 올해 2월에 2명을 구출한 바 있지만 한꺼번에 네 명을 구출한 건 이번이 처음입니다.

반전 여론이 들끓는 와중에 작전을 성공시키며 이스라엘은 대대적으로 홍보에 나섰습니다.

▶ 인터뷰 : 네타냐후 / 이스라엘 총리
- ""그 어떤 것과도 비교할 수 없는 감동적인 날입니다. 모든 시민들도 그러시겠지요. 인질들에게 돌아온 걸 환영한다고 전했습니다.""

하지만 난민촌에서 벌어진 작전 과정에서 하마스와 총격전이 벌어져 하마스 추산, 민간인 사망자가 200명 넘게 나왔습니다.

▶ 인터뷰 : 알 마스리 / 가자지구 난민
- ""공중 폭격이 쏟아졌어요. 포격 소리가 머리 위에서 울릴 때 아무것도 모르고 달렸는데, 탱크가 눈앞에 와있었습니다.""

유럽연합 등 국제사회에서는 인질 4명을 구하기 위해서 수백 명을 희생시킨 이번 작전의 정당성에 대해 의문이 제기되고 있습니다.

MBN뉴스 이교욱입니다.

영상편집 : 이주호
화면출처 : X @ImtiazMadmood","['자국민을 끝까지 보호하는 국가의 존재는 국민들에게는 반드시 필요하다 그래야 타국이 만만하게 보지 않겠디', '잘 보고 배워라. 전쟁은 이스라엘 처럼 하는거야. 적국의 모든것들은 씨를 말려야돼. 역사는 승자가 쓴다.', '인질이 난민촌에 잡혀있었다면 난민촌이 아니라 테러집단촌이다', '이해안가는건.. 하마스는 인질을 풀어주면 될것을 왜 자국민을 희생시키는걸까. 팔레스타인 국민들도 왜 하마스엔 암말도 안하는건지 이해가 안됨!', '인질은 명분이고 영토내 팔레스타인 말살이 목표란거지...']",https://mimgnews.pstatic.net/image/upload/office_logo/057/2020/09/15/logo_057_6_20200915153924.png,39
"부산경찰, 호치민공안청 초청 '국제범죄 대응 협력 강화'",최승한 기자 (425_sama@fnnews.com),2024.06.10. 오후 2:24,https://n.news.naver.com/mnews/article/014/0005197109?sid=102,"부산경찰청은 10일 베트남 호치민공안청 대표단을 부산경찰청에 초청해 치안협력 방안 관련 업무 회담을 가졌다고 밝혔다. 부산경찰청 제공

[파이낸셜뉴스] 부산경찰청은 10일 베트남 호치민공안청 대표단을 부산경찰청에 초청해 치안협력 방안 관련 업무 회담을 가졌다고 밝혔다.

두 기관은 이번 회담으로 국제성 마약 범죄의 공조수사 체계 강화, 재외 교민과 관광객 안전 확보, 재난 상황 경험과 관리 시스템 공유 등 다방면의 분야에서의 협력을 강화하기로 했다.

대표단은 오는 14일까지 112치안종합상황실, 교통정보센터, 과학수사와 중동지구대 등을 둘러보며 부산의 치안시스템을 경험할 예정이다.

대표단을 맞이한 우철문 부산경찰청장은 ""늘어나는 초국가적 범죄에 공동 대응해 양국 국민의 안전 확보를 최우선 하겠다""라고 강조했다.

한편 부산경찰청과 호치민공안청은 지난 2014년 업무협약을 맺은 이후 코로나 기간을 제외한 매년 정기 교차 방문으로 치안협력 관계를 강화하고 있다.",[],https://imgnews.pstatic.net/image/014/2024/06/10/0005197109_001_20240610170912717.jpg?type=w647,40
"의성군, 스위스 하우프트빌고트하우스와 국제교류 협약",김진호 기자(kjh9326@newsis.com),2024.06.09. 오후 1:10,https://n.news.naver.com/mnews/article/003/0012594550?sid=102,"경북 의성군과 스위스 하우푸트빌고트하우스 관계자들이 '정보교류 우호협력 협약'을 체결한 후 기념사진을 찍고 있다. (사진=의성군 제공) *재판매 및 DB 금지
[의성=뉴시스] 김진호 기자 = 경북 의성군은 스위스 하우푸트빌고트하우스와 상호 협력 및 발전을 위한 '정보교류 우호협력 협약'을 체결했다고 9일 밝혔다.

의성군의 이번 국제교류 협약은 중국 함양시, 몽골 만달군에 이어 세번째이다.

군에 따르면 스위스 하우프트빌고트하우스는 투르가우주 80개 보통지방자치단체 중 하나로, 하우프트빌과 고트하우스 행정통합으로 탄생한 지역이다.

보통지방자치단체는 종합 지방자치기능을 수행하는 우리나라 시·군 자치구에 해당한다.

이 지역은 현재 인구 수가 지속적으로 증가하고 있다.

유아 및 청소년이 고령자보다 많고, 1·2·3차 산업이 고루 분포해 실질적 실업이 없는 건강한 연령 및 산업 구조를 가지고 있다.

이번 협약으로 의성군과 스위스 하우프트빌고트하우스는 지방자치정책, 주민참여, 교육·학교, 환경·경제, 문화·스포츠·여가 분야 정보를 지속적으로 상호 교류하게 된다.

김주수 의성군수는 ""스위스는 주민들이 공동체에 대한 책임감을 갖고 스스로 지역 문제를 해결하기 위해 협의하고 타협하는 문화가 정착된 곳""이라며 ""스위스와 교류를 통해 지역사회 운영 원리, 주민들 사고방식 등을 학습해 주민 주도 변화와 혁신으로 지속가능한 행복 의성을 실현할 수 있도록 하겠다""고 말했다.",[],https://imgnews.pstatic.net/image/003/2024/06/09/NISI20240609_0001571117_web_20240609130623_20240609131225978.jpg?type=w647,41
국제노동기구(ILO) 총회에서 연설하는 김동명 한국노총 위원장,안희(prayerahn@yna.co.kr),2024.06.10. 오후 5:57,https://n.news.naver.com/mnews/article/001/0014738238?sid=104,"(제네바·서울=연합뉴스) 김동명 한국노총 위원장이 10일(현지시간) 스위스 제네바에서 열린 국제노동기구(ILO) 총회에서 연설하고 있다. 2024.6.10 [ILO 제공. 재판매 및 DB 금지]

photo@yna.co.kr",[],https://imgnews.pstatic.net/image/001/2024/06/10/PYH2024061017310008800_P4_20240610175718535.jpg?type=w647,42
'27조 원 보물선' 드디어 탐사 개시...소유권 놓고 국제적 분쟁,김잔디(jandi@ytn.co.kr),2024.06.09. 오전 3:32,https://n.news.naver.com/mnews/article/052/0002045823?sid=104,"[앵커]
콜롬비아 앞바다에 300년 넘게 묻혀있는 스페인의 보물선에 대한 탐사 작업이 본격적으로 시작됩니다.

배에 실려 있는 보물의 가치가 우리 돈으로 27조 원에 달하는데 소유권을 두고 4개국이 치열하게 다투고 있습니다.

김잔디 기자의 보도입니다.

[기자]
해저 900m에 300년 넘게 잠들어 있는 보물의 모습입니다.

금과 은, 에메랄드, 도자기 등 무려 200톤에 달하는 보물들이 묻혀 있습니다.

발견된 곳은 콜롬비아 카르타헤나 앞바다로, 1708년 스페인 국왕 소유의 산호세 호가 영국 함대와 싸우다 이곳에 침몰한 것으로 보입니다.

보물들은 볼리비아와 페루 등 식민지에서 약탈한 것들로, 현재 가치는 200억 달러, 우리 돈 27조 원에 달할 것으로 추정됩니다.

그동안 산호세 호에 대한 소유권을 주장해 온 콜롬비아 정부가 본격적인 탐사 작업에 나섭니다.

우선 주변 해역을 '고고학적 보호구역'으로 지정하고, 1차 탐사를 진행한 뒤 결과를 토대로 유물 인양 작업을 추진할 계획입니다.

하지만 보물선의 소유권을 둘러싸고, 국제적 분쟁은 한층 격화되는 양상입니다.

콜롬비아 정부는 침몰 지점이 자국 해역이라며 발견된 보물 등을 국가문화 유산으로 지정해 전시할 계획을 세웠습니다.

[예세니아 올라야 / 콜롬비아 과학부 장관 : 우리는 개발을 추구하는 모든 단체들과 함께 박물관 프로젝트를 구체화하는 중요한 과제를 안고 있습니다.]

콜롬비아에 맞서, 침몰 위치를 처음 발견했다는 미국의 민간 인양업체가 콜롬비아 정부와 소송을 진행 중입니다.

배 소유주인 스페인과 보물의 출처인 볼리비아, 그리고 볼리비아 원주민 공동체도 산호세 호의 지분을 주장하고 있습니다.

[호세 마리아 란초 / 볼리비아 원주민단체 변호사 : 원주민 단체들은 이 지역의 문화적 착취로부터 경제적 수익의 일부를 얻을 수 있길 기대하고 있습니다.]

카리브해에 가라 앉은 여러 보물선 중에도 가장 많은 보물이 실린 것으로 알려진 이 배의 위치가 확인된 것은 지난 2015년.

소유권을 둘러싼 국제적 분쟁은 그보다 훨씬 전부터 시작돼 계속되고 있지만, 보물의 가치만큼이나 18세기 초 유럽 역사 연구에 귀중한 자료가 될 것으로 기대하고 있습니다.

YTN 김잔디입니다.

영상편집;한경희

※ '당신의 제보가 뉴스가 됩니다'
[카카오톡] YTN 검색해 채널 추가
[전화] 02-398-8585
[메일] social@ytn.co.kr","['스페인은 양심이란게 없는건가?', '중국인들은 중국배라던데????', '스페인은 선체 인양해서 가져가고 보물은 원주인에게 돌려주고 발견자와 콜롬비아는 원주인에게 뽀찌나 받고 떨어지고', '일단 훔치고 가던 스페인은 빠져라..', '약탈했으면 페루에 돌려줘야 되지않나?']",https://mimgnews.pstatic.net/image/upload/office_logo/052/2020/11/17/logo_052_6_20201117112951.png,43
[구미24시] '국제 AI· 메타버스 영화제' 구미서 개최…국내 최초,장원규 영남본부 기자 sisa545@sisajournal.com,2024.06.10. 오후 5:30,https://n.news.naver.com/mnews/article/586/0000080320?sid=102,"투아데레 중앙아프리카공화국 대통령, 구미 방문
구미시, 체감형 생활밀착 복지정책 추진

경북 구미시는 15일부터 16일까지 AI‧메타버스 요소가 가미된 국내 최초의 '2024 경상북도 국제 AI‧메타버스 영화제'를 개최한다.

15일 저녁 7시 금오산 잔디광장에서 개최되는 개막식 행사에는 이철우 경북도지사, 김장호 구미시장을 비롯해 이장호, 양윤호, 장철수 등 유명 감독과 영화제 홍보대사인 배우 정태우, 서지수 등 국내‧외 영화인들이 참석한다.

또한 그랙 슈렝크 미국 뉴포트비치 영화제 조직위원장과 알틴벡 막수토프 키르기스스탄 문화부장관, 키르기스스탄 스마트폰 영화제 조직위원장, 태국 영화제작사인 엠플로우 민트 대표, 태국 흥행 영화 '틴템자이'의 주연배우 등 각국의 영화계 인사들도 자리를 함께할 예정이다.

영화제에서는 공모전을 통해 선정된 출품작과 교류영화제 초청작, 특별상영작 등 총 48편을 상영하며, 구미 시내 멀티플랙스 영화관(롯데시네마 프리미엄 구미센트럴 3관, 5관)과 구미영상미디어센터(김유영관)에서 무료로 관람할 수 있다.
 
롯데시네마 구미센트럴 2개관에서는 양경미 영화평론가, 소희정 박사의 진행으로 이장호, 장철수, 권한슬 감독 등 영화인과 관객들이 직접 만나 영화에 관해 대화하는 GV(Guest Visit) 행사를 마련해 축제에 재미를 더할 전망이다.

김장호 시장은 ""노잼도시 구미가 라면축제, 달달한 낭만 야시장 등이 시민들에게 사랑받는 대표 볼거리, 즐길거리로 자리잡으며 문화와 낭만이 있는 낭만문화도시로 변화하고 있다""며 ""이번 영화제가 AI‧메타버스와 영화의 만남이라는 문화예술의 새로운 패러다임으로 시민들에게 또 다른 즐거움을 선사해줄 것으로 기대한다""고 했다.

◇ 투아데레 중앙아프리카공화국 대통령 구미 방문…새마을운동 벤치마킹  

중앙아프리카공화국 투아데레 대통령 일행이 새마을운동을 벤치마킹하기 위해 구미를 방문했다. ⓒ구미시


경북 구미시는 6월6일 중앙아프리카공화국 포스탱 아르샹제 투아데레 대통령 일행이 한국의 새마을운동 경험을 벤치마킹하기 위해 구미를 방문했다고 밝혔다.

투아데레 대통령 일행은 새마을운동 테마공원 광장에 2022년 5월 9일 투아데레 대통령이 직접 심었던 기념식수 앞에서 시비식을 진행했으며 구미시는 시를 상징하는 박정희대통령 기념 손목시계와 새마을운동 조끼, 배지를 전달했다.

투아데레 대통령은 ""눈부신 경제 발전을 이룬 대한민국, 특히 그 중심에 있는 구미를 방문해 기쁘고 이곳에서 배운 새마을운동 정신을 중앙아프리카공화국에서도 적용해 대한민국처럼 잘 사는 나라로 이끌어 가겠다""고 했다.

김장호 시장은 ""박정희 대통령이 서독 방문 경험을 토대로 대한민국의 경제 발전과 물류 혁명을 끌어냈듯이 중앙아프리카공화국도 구미에서 새마을운동에 관한 많은 것을 배우고 성장하기를 바란다""며 ""앞으로 중아공의 새마을 세계화 사업과 관련해 적극적으로 참여하겠다""고 말했다.

한편, 구미시는 1994년부터 2013년까지 개발도상국 9개국에 새마을운동을 전파했고, 2014년부터 2019년까지 스리랑카에 해외 새마을 시범 마을을 조성했다.

◇ 구미시, 체감형 생활밀착 복지정책 추진

경북 구미시는 모두를 아우르는 촘촘한 복지 실현을 위해 생활이 다양한 맞춤형 정책을 추진하고 있다. 구미시 기초생활수급자와 차상위 수급자는 모두 1만3357가구 1만8437명(전체 인구 대비 4.5%)이다.

구미시는 맞춤형 복지급여 614억 원(생계급여 485, 해산 장제급여 30, 의료급여 48, 자활사업비 51)을 편성해 저소득주민 생활 안정에 심혈을 기울이고 있다.

먼저 저소득 주민에게 일자리를 제공하고 경제적 자립을 지원하기 위해 19개 자활근로 사업단을 운영 중이다. 현재 297명이 참여하고 있으며 자활사업 참여를 통해 경험과 기술을 바탕으로 탈수급 및 자립의 꿈을 키우고 있다.

원두 가공(로스팅)과 커피를 판매 중인 '카페 클라우든'은 뛰어난 품질, 맛과 함께 엄선된 공정 과정으로 HACCP 인증을 받아 경북도청, 타 지자체에 원두를 납품하고 있으며, 밑반찬 판매 사업단인 '오늘의 찬스'가 신규 개소를 준비 중이다. '운동화 빠는 날'도 시청 직원들을 대상으로 매월 1회 클리닝 슈즈데이를 운영 중이다.

구미시는 지난 2023년 공영 장례 지원에 관한 조례를 제정해 연고자가 없는 고인에 대한 예우와 존엄성 유지를 위해 장례비 지원과 함께 장례 의식 비용을 추가로 지원하는 무연고 사망자 공영 장례 지원사업을 올해부터 시행 중이다. 지난 1월 18일 구미병원 장례식장에서 무연고 사망자 공영 장례 지원을 처음 실시했으며, 현재까지 총 6건을 지원했다.

구미시는 의료급여 수급자의 퇴원 후 안정적인 재가 복귀와 지역사회 안착 지원을 통해 대상자들의 삶의 질 향상도 도모하고 있다. 의료기관, 식사 제공기관, 돌봄 제공기관과 연계해 1인당 월 60만 2530원 이내로 의료·돌봄·식사·이동지원 서비스를 9명의 대상자에게 제공 중이다.

김장호 시장은 ""저소득계층의 자립을 위해 추진하는 자활사업은 우리 사회의 복지 사회안전망이 원활하게 돌아가기 위한 핵심""이라며 ""생활밀착형 복지사업 추진을 통해 시민 모두를 아우르며 꼼꼼하게 보살피는 새 희망 구미 시대를 열어 가겠다""고 밝혔다.",[],https://imgnews.pstatic.net/image/586/2024/06/10/0000080320_001_20240610173010339.jpg?type=w647,44
"부산국제어린이청소년영화제, 개막작으로 '별의 메아리' 선정",권태완 기자(kwon97@newsis.com),2024.06.10. 오후 4:49,https://n.news.naver.com/mnews/article/003/0012597004?sid=102,"파트릭 보이빈 감독 연출…다음달 10일 개막식
[부산=뉴시스] 제19회 부산국제어린이청소년영화제 개막작 '별의 메아리' 포스터. (사진=BIKY 제공) 2024.06.10. *재판매 및 DB 금지


[부산=뉴시스]권태완 기자 = 부산국제어린이청소년영화제(BIKY)는 올해 영화제 개막작으로 파트릭 보이빈 감독의 '별의 메아리'(Echo to delta)를 선정했다고 10일 밝혔다.

지난해 개봉한 별의 메아리의 줄거리는 우애 좋은 어린 형제 엔티엔과 남동생 데이비드가 지붕 위에서 놀던 어느 날 사고가 일어나면서 데이비드가 사라진다. 이후 깨어난 엔티엔은 동생이 사라진 것이 외계인이 한 일이라고 생각하며 이를 증명하기 위해 친구들과 주변의 도움을 찾아다니는 여정을 담은 작품이다.

이상용 BIKY 수석 프로그래머는 ""별의 메아리는 어린 형제의 이야기를 통해 상실과 애도를 받아들이는 과정인 동시에 그리움을 향한 절절한 마음을 보여준다""고 설명했다.

아울러 별의 메아리는 지난해 슈링겔국제어린이청소년영화제 등 유수의 해외 영화제에서 초청받아 관객들을 만났으며, 국내에서는 BIKY를 통해 처음 선보인다.

제19회 부산국제어린이청소년영화제 개막식은 다음달 10일 오후 6시 해운대구 영화의전당 하늘연극장에서 열리며, 개막을 축제하는 공연이 펼쳐진 뒤 개막작이 상영될 예정이다.

영화제는 다음달 10~14일 5일간 영화의전당을 비롯해 중구 유라리광장, BNK부산은행 아트시네마 모퉁이 극장에서 열린다.",[],https://imgnews.pstatic.net/image/003/2024/06/10/NISI20240610_0001572169_web_20240610163324_20240610165023307.jpg?type=w647,45
"서울사이버대 통합건강관리학과, 한·일 국제학술세미나 성료",이상원 sllep@etnews.com,2024.06.10. 오후 12:39,https://n.news.naver.com/mnews/article/030/0003212899?sid=102,"'통합의료의 지향점: 한국과 일본을 중심으로' 주제
한·일 국제학술세미나 참석자들이 기념사진을 촬영하고 있다. 사진=서울사이버대학교.

서울사이버대학교는 지난 5월 25일 통합건강관리학과 및 미래사회전략연구소 주관으로 진행된 제1회 한일 국제학술세미나를 성공적으로 마쳤다고 10일 밝혔다.

이번 세미나는 통합건강관리학과 재학생은 물론 서울사이버대 재학생 및 졸업생, 입학 예정자, 외부 참여자까지 50여명 이상이 참석, 성황리에 진행됐다.

'통합의료의 지향점: 한국과 일본을 중심으로'라는 주제로 개최되는 이번 국제학술세미나는 미래 통합의료가 나아갈 길에 대해 4가지 주제로 강연이 이뤄졌다.

이번 세미나에는 특별히 일본측에서 통합의료와 보완대체의학 분야를 대표하는 일본통합의료학회 이토우 도시노리 이사장과 사카타니 가오루 이사가, 한국측에서는 국내 자연의학·뇌과학·정신과학계를 대표하는 권위자 이시형 교수(서울사이버대 통합건강관리학과 석좌교수)와 임상통합의학암학회 부회장인 상형철 원장이 강연했다.

이토우 도시노리 이사장은 현재 오사카 암순환기병예방센터 소장으로, 지난 2013년 일본 후생노동성에서 주관하는 '통합의료 검토회'의 주요 구성원으로 활동했다. 이번 세미나에서는 '통합의료와 고령자의료'를 주제로 강연했다.

사카타니 가오루 이사는 현재 동경대학 고령사회종합연구기구 특임연구원, 동경대학원 신영역창과학연구과 인간환경학전공 특임교수이며 의학 및 공학 박사로써 치매의료, 뇌과학, 인공지능, 생체공학를 연계하여 다학제적으로 활동하고 있다. 이번 세미나에서는 'AI와 대체의료를 통한 차세대 통합의료'를 주제로 강연했다.

서울사이버대 통합건강관리학과 이시형 석좌교수는 '한국 통합의료의 실제와 지향'을 주제로 강연했다. 이시형 교수는 현재 세로토닌 문화원 원장이며, 웰에이징을 추구하는 힐리언스 선마을의 설립자이기도 하다.

임상통의학암학회 상형철 부회장은 다년간의 임상통합의학 경험을 바탕으로 '자연치유 방법에 기반한 심신통합 암케어의 실제'를 주제로 강연했다. 상형철 부회장은 현재 더필립재활요양병원 대표로, 아침편지 명상치유센터 '깊은산속 옹달샘'에서 다년간 심신치유 프로그램을 운영하고 있다.

강연 이후에는 참가자들과 미래 통합의료에 관한 질의 응답 시간이 이어졌다.

통합건강관리학과 이민영 학과장은 “통합의료에 관하여 진행된 이번 국제학술세미나를 통해 더 많은 분들이 통합의료에 대한 지식과 나아가야 할 방향성을 모색하는 계기가 됐기를 바란다”고 말했다.

한편, 서울사이버대는 7월 11일까지 11개 단과대학 43개 학과(전공)에서 2024학년도 하반기 신·편입생을 모집한다.

또 서울사이버대 대학원은 오는 20일까지 2024 하반기 대학원 신입생을 모집 중이다. 휴먼서비스대학원 사회복지전공 석사과정을 모집하며 자세한 내용은 대학원 입학홈페이지에서 확인 가능하다.",[],https://imgnews.pstatic.net/image/030/2024/06/10/0003212899_001_20240610123913110.jpg?type=w647,46
국제유가 하락세…美금리인하 후퇴론에 달러 강세,정수민(sumin@joseilbo.com),2024.06.10. 오전 11:48,https://n.news.naver.com/mnews/article/123/0002335739?sid=104,"시장 ""9월 금리인하 가능성 75→55%…7월 가능성은 9%""

달러지수 전거래일 대비 0.78% 급등…104.93

""시장 연준 FOMC와 BOJ 회의 주시…매파적 결과 나올수도""
◆…미국 고용 지표가 예상을 뒤엎고 강세를 보인 뒤 금리 인하 기대감이 줄어들면서 미국 달러 강세로 10일 국제유가가 하락세를 보이고 있다. <사진 로이터>


미국 고용 시장이 여전히 뜨겁다는 지표가 금리 인하 기대감을 꺾은 뒤 미국 달러가 강세를 보이며 10일 국제유가에 하방 압력을 가했다.

로이터통신에 따르면 이날 브렌트유와 서부텍사스원유(WTI) 모두 전장 대비 4센트가량 떨어져 각각 79.58달러와 75.49달러에 거래되고 있다.

미국 노동부는 지난 7일 비농업 고용이 전월 대비 27만2천건 증가했다고 발표했다. 이는 시장 전망치인 19만건을 크게 웃도는 수준이다.

이에 따라 시장에서는 금리 인하에 대한 전망이 다시 후퇴하고 있으며 달러는 반등했다.

CME 페드워치에 따르면 이제 선물시장은 9월 금리 인하 가능성을 55%로 점쳤는데 이는 고용 보고서 이전의 75%보다 큰 폭으로 떨어진 수준이다. 7월 금리 인하 확률은 9%까지 떨어졌다.

반면 주요 통화 대비 달러 가치를 보여주는 달러 지수는 0.78% 급등한 104.93을 기록했다. 달러 강세는 석유와 같은 달러 표시 상품을 다른 통화 보유자에게 더 비싸게 만들어 수요를 둔화시킨다.

IG의 토니 시카모어 분석가는 ""이제 시장은 이번 주 미국 연방준비제도(Fed·연준)의 연방공개시장위원회(FOMC)와 일본은행(BOJ)의 통화정책회의를 주목하고 있다""며 ""더 매파적인 결과가 나올 위험이 있다""라고 예상했다.

아울러 석유수출국기구(OPEC) 관계자들이 생산량 경로가 변경될 수 있다고 강조한 것도 유가에 불확실성을 더하고 있다.

시카모어는 ""지난주 OPEC+ 회의 이후 시장이 (감산 연장) 합의에 부정적인 반응을 보인 점을 고려할 때 회원국 중 일부는 감산 중단 폐지에 대해 더 많은 불확실성을 초래할 것""이라고 지적했다.

지난 2일(현지시간) OPEC+가 석유 감산 조치를 2025년까지 연장하기로 합의했음에도 불구하고 유가는 4일 연속 내림세를 보였다.",[],https://imgnews.pstatic.net/image/123/2024/06/10/0002335739_001_20240610115010853.jpg?type=w647,47
“정상급 두 국제회의 성공적 개최에 총력 기울여야”,이승훈 기자(lee88@busan.com),2024.06.09. 오후 6:03,https://n.news.naver.com/mnews/article/082/0001273799?sid=101,"2024 부산해양경제포럼 개최
OOC·UNOC 개최 효과 강조
해상물류·드론 등 육성 전략도
""HMM 유치 위해 시민주 제안”
지난 5일 부산 해운대구 벡스코에서 지역의 미래 해양산업 전략을 모색하는 2024 부산해양경제포럼이 열렸다. 김종진 기자 kjj1761@


“대한민국과 부산의 최대 해양 현안은 두 개의 국제회의를 성공적으로 개최하는 것입니다.”

지난 5일 부산 해운대구 벡스코에서 열린 ‘2024 부산해양경제포럼’에서 한국해양수산개발원(KMI) 최지연 본부장은 부산에 큰 기회가 왔다고 강조했다. 그 기회는 ‘유엔 오션 콘퍼런스’(UN Ocean Conference, UNOC)와 ‘아워 오션 콘퍼런스’(Our Ocean Conference, OOC)다. 두 회의는 글로벌 해양 문제를 다루며, 국제기구와 각국의 고위급 인사들이 대거 참여한다. 제10차 OOC는 내년 4월 말 부산에서 열릴 예정이며, 제4차 UNOC의 개최지는 아직 확정되지 않았다. 다만 우리나라가 유치할 가능성이 상당한 것으로 알려졌다. 최 본부장은 “두 회의를 성공적으로 개최하면 우리나라의 해양 국가로서의 위상이 크게 높아질 것”이라며 “특히 1000여 명이 참여하는 제10차 OOC는 UNOC와의 연계 체제를 구축할 중요한 기회”라고 말했다.

‘해양 수도’ 부산의 미래 해양산업 전략을 논의하기 위해 전문가들이 한자리에 모였다. 부산시와 부산일보가 마련한 2024 부산해양경제포럼에서는 해상물류, 해양 신산업, UNOC 등 부산의 핵심 현안을 주제로 전문가 강연과 토론이 이어졌다. 이날 포럼에는 시 김병기 해양농수산국장, 한국해양진흥공사 김양수 사장, 국립해양조사원 김재철 원장 등 해양 관련 주요 인사와 시민 300여 명이 참여했다.

기조 강연에 나선 KMI 최상희 연구부원장은 세계 해양산업 이슈와 이에 대한 대응 전략을 중심으로 이야기했다. 최근 미중 무역분쟁과 중동의 불안정한 정세 등으로 글로벌 공급망이 흔들리고 있고, 해양산업의 신재생에너지와 탈탄소화 전환 속도도 빨라지고 있다고 강조했다. 이 밖에 수산업 쇠퇴와 해양 사고 증가 등의 문제에 대비하기 위해 관련 거버넌스 구축, 해양수산 빅데이터 플랫폼 개발, 한국형 조세제도 도입 등의 전략이 필요하다고 말했다.

두 번째 발표자로 나선 동명대 신석현 항만물류시스템학과 교수는 부산이 글로벌 물류 허브도시로 도약하기 위해서는 산업은행의 부산 이전과 HMM 본사의 유치가 시급하다고 주장했다. 특히 HMM 본사 유치를 위한 방안으로 ‘시민주 발행’과 ‘크라우드 펀딩’을 제시하기도 했다. 지역 상공계와 시민이 투자자로 참여하면 지역 내 HMM 유치 분위기를 확산시키고 HMM의 재정 안정성도 높일 수 있다고 내다봤다.

다음 발표자인 해양드론기술 황의철 대표는 부산의 미래 신산업으로 주목받는 해양 드론 서비스를 소개했다. 해양드론기술은 국내 최초로 해양 드론 서비스 상용화에 성공한 기업이다. 묘박지에 입항한 선박에 필요한 물품을 전달하고, 선망 어선과 함께 참치어군을 탐지하는 등 사업 영역을 넓혀가고 있다. 최근에는 해양 드론의 영상 데이터를 활용해 해양 쓰레기와 해양 부유물을 모니터링하는 사업도 시작했다.

마지막 강연자로 나선 최지연 본부장은 제4차 UNOC의 국내 개최 타당성과 제10차 OOC의 주요 의제를 설명했다. 최 본부장은 우리나라는 해양수산 공적개발원조 사업 확대와 연안오염총량관리제 도입 등의 노력으로 UNOC 개최 가능성이 높다고 예상했다. 제10차 OOC에서는 각종 해양 이슈뿐 아니라 그간 다뤄지지 않았던 해양 디지털 의제도 포함됐다고 말했다.

강연이 끝난 뒤 열린 자유 토론 시간에는 HMM의 시민주 발행 방안과 해양 드론에 대한 시장 수요 등 다양한 질문이 쏟아졌다.",[],https://imgnews.pstatic.net/image/082/2024/06/09/0001273799_001_20240609180315272.jpg?type=w647,48
'MODAFE 2024 제43회 국제현대무용제' 성료,채준 기자 (cow75@mtstarnews.com),2024.06.10. 오후 2:34,https://n.news.naver.com/mnews/article/108/0003241690?sid=004,"[스타뉴스 | 채준 기자]
/사진제공=한국현대무용협회

한국현대무용협회가 주최하는 'MODAFE 2024 제43회 국제현대무용제MODAFE 2024)가 지난 5월 8일부터 5월 26일(일)까지 총 19일간 아르코예술극장 대극장과 소극장에서 펼쳐졌다.

43년의 역사 속에서 예술의 흐름을 선도해왔던 대표 예술축제답게 급변하는 사회 속에서도 변화의 흐름을 놓치지 않기 위해 고군분투했던 한해였다고 대내외적으로 평가받고 있다.

축소되고 있는 세계화의 흐름 속에서도 국제교류를 지속해 나가기 위해 올해 MODAFE가 처음으로 시도한 제작 프로그램인 MODAFE Production을 통해 Erion Kruja×KARTS무용단의 <Metamorphosis>, 이태상×밀물현대무용단의 <헬로! 각속도 (Hello! Angular Velocity>, 노네임소수의 <RADIATE>, 현대무용단 '자유'의 <사이>를 선보였으며, 그 동안은 해외 유수의 작품을 국내 관객들에게 선보이는 것에 초점을 맞춰왔다면 2024년을 기점으로 MODAFE 자체 공연을 제작하고 해외 소개할 수 있는 기틀을 마련하였다.

또한, MODAFE는 Art Project BORA와 협업하여 국내 안무가 김보라와 해외 안무가 안드레아 코스탄초 마르티니(Andrea Costanzo Martini)가 콜라보로 작품을 선보였으며, 소극장을 통해 스위스 무용단인 델가도 푹스(Delgado Fuchs)와 프랑스 무용단인 나이프 프로덕션(Naif Production)의 작품을 선보였다.

MODAFE에서 중요하게 생각하는 역할 중 하나는 신진 안무가의 발굴이다. 매년 'Spark Place' 무대를 통해 신진 안무가를 소개하고 있으며, 우수한 안무가를 선발하여 Spark Award를 수상하고 내년 MODAFE를 통해 또 한 번 작품을 선보일 수 있는 기회가 주어진다. 올해는 <일지>를 안무한 이창민 안무가가 수상하였다. <일지>는 과거를 돌아보고 아직 오지 않은 미래에 대한 두려움을 담아낸 회고록 형식의 작품이다. 과거와 미래를 오가는 추상적 이동을 물리적으로 이동하는 여행자의 모습으로 시각화하였다.

MODAFE는 현대무용에 대한 진입장벽을 낮추기 위해 홍보대사를 위촉함과 동시에 대학로 마로니에 공원에서 시민 누구나 참여할 수 있는 부대프로그램 M.O.S(MODAFE Off Stage)를 진행했다. MODAFE와 의 소중한 추억이 가득한 오늘을 다시(Re:) 되새길 수 있는 Photo 부스, 캐리커쳐를 통해 바라본 나의 새로운(New.) 모습을 만나볼 수 있는 ART 부스, 컨템포러리댄스(AIL)를 알아볼 수 있는 시간이 마련된 M.O.S 공연 부스는 마로니에 공원을 찾은 시민들의 발목을 붙잡기 충분했으며 시민 모두의 몸과 마음을 춤으로 물들였다.

본지와 전화 통화한 MODAFE 관계자는 ""MODAFE가 시대를 선도하는 무용 작품을 소개하는 무용인들의 대표 축제를 넘어 모든 시민이 함께 참여하고 무용 예술의 가치를 모두 함께 누릴 수 있는 대한민국의 대표 축제로 성장해가고 있다""고 밝혔다.",[],https://imgnews.pstatic.net/image/108/2024/06/10/0003241690_001_20240610143508069.jpg?type=w647,49
‘새만금컵 국제요트대회’ 부안 격포항서 13일부터 나흘간 연다,김민수 기자(leo@newsis.com),2024.06.09. 오전 9:00,https://n.news.naver.com/mnews/article/003/0012594282?sid=102,"16개국, 35척, 230여명 참가, 4개 종목 2개 코스로 경주
사진촬영 이벤트, 해양레저 체험행사 등 부대행사도 병행
[부안=뉴시스] 자료사진. 제8회 ‘새만금컵 국제요트대회’ 모습. *재판매 및 DB 금지


[부안=뉴시스] 김민수 기자 = 전북특별자치도가 13일부터 16일까지 부안군 격포항 일대에서 새만금컵 국제요트대회를 개최한다.

9일 도에 따르면 올해로 9회를 맞이하는 이번 대회는 한국, 일본, 중국, 대만, 태국, 싱가포르,홍콩, 마카오, 필리핀, 말레이시아, 베트남, 미국, 영국, 러시아, 우즈베키스탄, 파키스탄 등 16개국, 요트 35척, 선수 230여명이 참가할 예정이다.

선수들은 격포항에서 서측으로 위도 주변까지 돌아오는 인쇼어(INSHORE) 코스와 격포항으로부터 고군산군도 주변까지 돌아오는 오프쇼어(OFFSHORE) 코스 등 서해안 바다를 누비며 세계 요트인들의 박진감 넘치는 경기를 보여줄 예정이다.

대회 참가선수 및 관람객들의 안전을 위해 운영요원 및 선수 안전교육 실시, 구명조끼 착용, 구조정 및 안전요원 해상배치, 구조장비 및 비상의약품 비치, 인파사고 예방 등 관련 유관기관(해경, 경찰, 소방) 협조체계 구축 등 안전관리에 만전을 다할 예정이다.

13일 격포항 요트 계류장을 개방해 1일차 경기가 시작되며, 14일 오후 6시에는 격포항 특설무대에서 개막식이 진행되고 16일 시상식과 폐회식이 치러진다.

대회기간 동안 사진촬영 이벤트와 해양레저스포츠 체험행사 등 다양한 부대행사가 준비돼 지역주민은 물론 관광객들도 함께 축제를 즐길 수 있도록 운영할 계획이다.

경기 관람객들은 격포항 남측 방파제에 설치된 관람석뿐만 아니라 관람정에 승선해 요트 레이스를 바다 위에서 관전할 수 있다.

김미정 전북도 새만금해양수산국장은 “이번 새만금컵 국제요트대회가 전북자치도 변산반도의 아름다운 자연환경을 배경으로 선수와 관광객이 함께 어우러져 즐기는 축제의 장이 될 것으로 기대된다”며 “해양레저 문화 활성화를 통해 전북자치도를 서해안 대표 해양레저관광지로 거듭날 수 있도록 최선을 다하겠다”고 말했다.",[],https://imgnews.pstatic.net/image/003/2024/06/09/NISI20240607_0001570399_web_20240607143440_20240609090140324.jpg?type=w647,50
전국 주유소 기름값 5주 연속 하락…국제유가 하락 영향,이한림(2kuns@tf.co.kr),2024.06.08. 오전 10:49,https://n.news.naver.com/mnews/article/629/0000294377?sid=101,"경유는 6주 연속 하락 1500원↓

8일 오피넷에 따르면 국내 휘발유와 경유 판매가격은 각각 5주 연속, 6주 연속 내림세를 이어가고 있다. /박헌우 기자


전국 주유소 기름값이 5주 연속 내림세를 이어갔다.

8일 한국석유공사 유가정보서비스 오피넷에 따르면 6월 첫째 주 기준 휘발유의 평균 판매 가격은 리터(L)당 1666.9원으로 전주 대비 11.5원 하락했다.

경유 역시 6주 연속 하락하면서 1400원대로 진입했다. 이 기간 경유 평균 판매 가격은 전주 대비 14.4원 내린 1497.5원을 기록했다.

상표별로는 알뜰주유소가 1640.8원으로 가장 저렴했고, SK에너지주유소가 1674.3원으로 가장 비쌌다. 경유도 알뜰주유소가 리터당 1472.6원으로 전국에서 가장 가격이 낮았고 SK에너지주유소는 1506.6원을 기록했다.

휘발유와 경유 가격이 내린 배경으로는 국제유가가 두 달 연속 내림세를 이어간 영향으로 풀이된다. 국내 석유제품 가격보다 2~3주가량 앞서 움직이는 국제 석유제품 가격은 최근 9주간 약세를 기록했다.

이번 주 배럴당 국제유가(두바이유) 역시 79.3달러로 전주 대비 4.9달러 하락했다. 국제 휘발유 가격(92RON)은 전주 대비 3.0달러 내린 84.9달러, 국제 경유(황함량 0.001%) 가격은 전주보다 4.2달러 하락한 93.0달러에 그쳤다.

대한석유협회 관계자는 ""국제 휘발유와 경유 가격이 지속적으로 하락했고 환율도 약세를 보인다. 다음 주 국내 주유소 기름값이 더 하락할 가능성이 있다""고 말했다.

발로 뛰는 더팩트는 24시간 여러분의 제보를 기다립니다.
▶카카오톡: '더팩트제보' 검색
▶이메일: jebo@tf.co.kr
▶뉴스 홈페이지: http://talk.tf.co.kr/bbs/report/write","['유가때문에 올랐다던 제품들은?', '국제유가는 그동안 계속 떨어졌고 오른적이 없으며 주유소가 떨어뜨린 가격보다 많이 떨어졌다. 만약 올리려하면 사업권을 국가가 회수하자. 노태우가 사리사욕으로 딸에게 준 사업권이다.']",https://imgnews.pstatic.net/image/629/2024/06/08/202441821717811069_20240608104916449.jpg?type=w647,51
"KTR, 日 산업안전기술협회와 업무협약...국제방폭시험소 지정 추진",최상현 기자(hyun@dt.co.kr),2024.06.10. 오후 1:39,https://n.news.naver.com/mnews/article/029/0002879080?sid=101,"김현철(오른쪽) KTR 원장이 일본 TIIS 미즈키 야마구마 원장과 상호 협력을 위한 업무협약을 체결했다. [KTR 제공]
KTR(한국화학융합시험연구원)이 우리 기업의 해외 방폭 인증 획득을 돕기 위해 일본 방폭인증기관과 협력관계를 구축했다.

김현철 KTR 원장은 10일 국제 방폭 인증기관인 일본 산업안전기술협회(TIIS)의 미즈키 야마구마 원장과 업무협약을 체결했다고 밝혔다. 이를 통해 국제 방폭시험소 지정과 IECEx 등 주요국 방폭인증 대행 등 방폭 관련 사업에 본격 나설 계획이다. 방폭인증은 기기나 장비, 시설 등의 폭파를 예방하거나 폭파 피해를 방지하기 위해 받는 인증이다.

TIIS는 독일 PTB 등 해외 주요 방폭 인증기관과 파트너십을 갖춘 글로벌 방폭인증 전문기관이다. IECEx 국제방폭인증을 비롯해 유럽(CE ATEX), 미국, 캐나다, 중국, 대만 등 주요국 방폭 인증 서비스를 제공한다.

KTR과 TIIS는 시험 설비 구축과 국제 시험소 지정 등의 방폭인증 사업 확대에서도 적극 협력하기로 했다. KTR이 국제 방폭시험소로 지정되면 국내 방폭 기기 업체는 KTR 시험성적서로 IECEx 인증을 받을 수 있다.

김현철 원장은 ""이번 협약을 계기로 우리도 해외 방폭인증 지원을 위한 협력체계를 갖추게 됐다""며 ""KTR은 특히 세계적으로 통용되는 방폭시험소 지정 및 심사권한 획득을 통해 글로벌 방폭인증 사업에 적극 나설 것""이라고 밝혔다.",[],https://imgnews.pstatic.net/image/029/2024/06/10/0002879080_001_20240610134015236.jpg?type=w647,52
용산에 100층 '국제업무지구' 생긴다…도시개발구역 지정,정수연(jsy@yna.co.kr),2024.06.06. 오전 11:15,https://n.news.naver.com/mnews/article/001/0014731860?sid=101,"도시계획위 통과…성북동 179-68 일대 2천86세대 단지 재개발


서울 용산 국제업무지구 조감도
[서울시 제공]


(서울=연합뉴스) 정수연 기자 = 서울 용산 철도 정비창 일대를 '100층 랜드마크'가 들어선 국제업무지구로 바꾸는 작업에 속도가 붙을 전망이다.

서울시는 전날 8차 도시계획위원회를 열고 '용산국제업무지구 도시개발구역 지정 및 개발계획'을 수정해 의결했다고 6일 밝혔다.

시는 지난 2월 5일 용산 정비창에 100층 안팎의 랜드마크를 세운다는 개발 계획을 발표했다.

이 계획이 도시계획위원회에서 확정된 것으로, 본격적인 추진 발판이 마련된 셈이다.

시는 이 구역을 용도에 따라 ▲ 국제업무 ▲ 업무복합 ▲ 업무지원 등 3개 존(Zone)으로 구분했다.

국제업무존은 당초 계획으로는 3종 일반주거지역이었으나 전날 회의에서 중심상업지역으로 상향했다.

또 민간 기업이 창의적인 건축 디자인을 제안하면 도시 혁신 구역이나 특별건축구역으로 지정, 용적률을 최대 1천700%까지 적용하는 등 100층 내외의 건물이 들어설 수 있게 지원하기로 했다.

국제업무지구의 세부적인 구역은 총 20개다. 글로벌 기업이나 외국 자본의 수요에 맞는 전략을 수립하는 등 구역 규모는 유연하게 짤 계획이다.

시는 또 사업 시행으로 교통량이 늘어날 것으로 예상되는 만큼, 사업지 주변과 외곽에 도로를 개선하고 대중교통 기능을 높이는 내용의 광역교통개선대책을 마련했다. 이 대책은 국토교통부 광역교통위원회의 심의를 거쳐 최종 확정된다.

아울러 교통영향 평가를 기반으로 이 구역의 교통 수요를 관리, 대중교통의 수송 분담률을 70%까지 높이기로 했다.

시는 전날 의결된 내용을 반영해 7월 중 용산국제업무지구 도시개발구역 지정 및 개발계획을 고시할 예정이다.

내년에는 실시계획 인가를 내고 착공하는 게 목표다.

시는 그동안 코레일, 서울주택도시공사와 협의해 개발 계획을 짰는데, 향후에도 이 협의를 이어가기로 했다.

이번 회의에서 서울 송파구 잠실동, 강남구 삼성·청담·대치동 일대에 적용되던 토지거래허가구역 규제를 푸는 안건과 서울역 인근인 중구 남대문로5가를 정비하는 안건도 논의됐으나 모두 보류됐다.

임창수 서울시 미래공간기획관은 ""10년 이상 방치돼 온 용산정비창 부지 관련, 개발 불확실성이 제거됐다""면서 ""사업이 더 탄력을 받을 것으로 기대된다""고 말했다.

성북동 공공 재개발사업 조감도
[서울시 제공]


한편, 시는 같은 날 '5차 도시계획위원회 신속통합기획 정비사업 등 수권분과위원회'를 열고 성북동 공공 재개발사업 정비계획을 결정했다.

성북구 성북동 179-68번지 일대를 총 2천86세대(임대주택 418세대 포함)가 사는 주거단지로 재개발한다는 내용이다.

획일적으로 짓는 대신 1종·2종 일반 주거지역으로 나누고 저층 테라스하우스, 중저층·고층 아파트 등을 배치하기로 했다.

높이는 4층 이하부터 30층 이하까지 다양하며 정비구역 용적률 가중 평균은 204.87% 이하로 했다.

통학을 위한 보행로, 지역 커뮤니티 공간, 공영주차장, 문화시설도 넣었다.

jsy@yna.co.kr","['인구 서울로 영끌해서 지방은 텅텅비겠네ㅋㅋㅋ', '주식에서 땅투기로 갈아탄 거니?', '재개발 재건축은 평등 복지 어쩌구 외치면서 임대주택 넣어야한다는 서울시 하지만 도시계획 보면 실상은 미는 곳만 밀어주는 계급화된 도시임 차라리 임대주택 넣어야한다고 하지를 말던가', '용산에 국제 업무지구..... 현재 중국에 본사를 두고 있는~~ 다국적 기업들도 많이 유치해서..... 서울을 글로벌 도시로 만들기 바랍니다........ 아울러 물이 흐르지 않는 여의도 샛강도...... 88도로를 지하로 건설하고..... 싹~ 다 아시아 금융허브로 개발하고~^^...... 아울러 그 토지매각 이익금으로....... 88도로를 편도6차선 지하로 건설해서~~ 교통편의도 도모하고.... 한강 고수부지를 자유롭게 오갈 수 있도록 시민들의 접근성도 높이길~~ 이렇게 하면.... 수도 서울은 정말 멋진 도시가 될듯..', '오세훈 시장님이 서울을 뉴욕 런던 파리와 경쟁하는 글로벌 도시로 부상시킬 것이다. 민주당 박원숭이나 송영길은 오시장님의 발의 발 끝도 쫓아오지 못하는 무능한 놈들이다']",https://imgnews.pstatic.net/image/001/2024/06/06/AKR20240605162100004_02_i_P4_20240606111520723.jpg?type=w647,53
"""해커 모여라""…'핵테온 세종 국제 사이버보안 위크'",송승화 기자(ssong1007@newsis.com),2024.06.07. 오후 4:17,https://n.news.naver.com/mnews/article/003/0012593312?sid=102,"17일~21일까지 세종컨벤션센터에서 40개팀 경쟁


[세종=뉴시스]송승화 기자 = 세종시가 오는 17일부터 21일까지 5일간 정부세종컨벤션센터에서 ‘2024 핵테온 세종 국제 사이버보안 위크’를 개최한다.

7일 시에 따르면 사이버보안 인재 발굴·양성과 정보보호 산업육성을 위해 시작된 핵테온 세종은 해커(Hacker), 판테온(Pantheon), 세종(Sejong)의 합성어로 ‘사이버보안 인재가 세종에 모인다’는 의미다.

시가 주최하고 고려대(세종), 홍익대(세종), 한국정보보호학회, 한국과학기술정보연구원이 주관하는 이번 행사에는 국가정보원, 과학기술정보통신부, 행정안전부, 개인정보보호위원회 등 국내 25개 주요 기관과 기업이 후원한다.

올해로 3회째를 맞는 이번 행사에서는 사이버보안의 미래를 살펴볼 수 있는 다채로운 프로그램을 만나볼 수 있다.

주요 행사는 ▲미국 실리콘밸리 사이버보안 콘퍼런스(17～19일) ▲핵테온 세종 국제 대학생 사이버보안 경진대회·연합콘퍼런스·정보통신기술(ICT) 기업전시회 및 채용매칭데이(19～20일) ▲한국정보보호학회 하계학술대회(20～21일) 등이다.

특히 오는 19일에는 지난 4월 전 세계 25개국 171개 대학 1352명이 참가한 ‘국제 대학생 사이버보안 경진대회’ 예선전(온라인) 결과 상위 40개 팀(초급부문 20팀, 고급부문 20팀)이 정부세종컨벤션센터에 모여 총상금 3800만 원을 놓고 치열한 경쟁을 펼친다.

이와 동시에 연합콘퍼런스에서는 ▲미국 구글 비클란트 난다(Vikrant Nanda)의 ‘보안, 개인정보, 리스크에 대한 모험’ ▲스페인 바르셀로나 자치대학교 데이비드 메지아스(David Megias)의 ‘데이터 은닉’을 주제로 한 기조연설이 진행된다.

한국, 미국, 영국, 일본, 싱가포르의 전문가들이 참가한 양자보안 특별 세션에서는 양자컴퓨팅 시대의 사이버보안 기술에 대한 글로벌 동향을 파악할 수 있다.

이밖에 오는 19일부터 20일까지 국내 우수 정보보호 및 정보통신기술(ICT) 기업 기술(제품)전시회와 구인·구직 채용 상담이 진행되며 행사 기간 기업전시회 스탬프 이벤트 등 다양한 이벤트와 현장 경품 추첨 등이 다채롭게 열린다.

‘핵테온 세종’의 연합콘퍼런스, 기업전시회, 경진대회 참관은 시 누리집(https://hacktheon.org)에서 14일까지 사전 신청할 수 있고 참가비는 무료다.

최민호 세종시장은 “올해 핵테온 세종 행사는 사이버보안 국내외 전문가와 선도기업이 다수 참여한다”며 “인공지능과 양자컴퓨팅시대 사이버보안의 미래를 대비하는 좋은 기회로, 많은 관심과 참여를 바란다”고 말했다．",[],https://imgnews.pstatic.net/image/003/2024/06/07/NISI20240607_0001570554_web_20240607160943_20240607165913543.jpg?type=w647,54
국내 첫 IEEE 마일스톤,이재희(scape@yna.co.kr),2024.06.10. 오후 2:44,https://n.news.naver.com/mnews/article/001/0014737508?sid=105,"(서울=연합뉴스) 이재희 기자 = 10일 오후 서울 중구 SKT타워에서 열린 'IEEE 마일스톤(이정표)' 수여식에서 고진 대통령직속 디지털플랫폼정부위원장(왼쪽부터), 캐슬린 크레이머 IEEE 회장, 유영상 SKT 대표가 현판을 살펴보고 있다.

IEEE(국제전기전자공학협회)는 코드분할다중접속(CDMA) 대규모 상용화에 기여한 SKT, 삼성전자, LG전자, ETRI를 마일스톤에 등재했다. 2024.6.10

scape@yna.co.kr",[],https://imgnews.pstatic.net/image/001/2024/06/10/PYH2024061011450001300_P4_20240610144510624.jpg?type=w647,55
"관악구, '2025년 국제전자제품박람회' 참가기업 모집",권혜정 기자 (jung9079@news1.kr),2024.06.09. 오후 2:21,https://n.news.naver.com/mnews/article/421/0007589540?sid=102,"(서울 관악구 제공)


(서울=뉴스1) 권혜정 기자 = 서울 관악구는 혁신기술을 보유한 벤처·창업기업의 해외 진출과 창업문화 확산을 위해 2024년에 이어 '2025년 국제전자제품박람회(CES 2025)' 참가기업을 모집한다고 10일 밝혔다.

2025년 1월 7일부터 10일까지 미국 라스베이거스에서 열리는 국제전자제품박람회(CES)는 미국소비자기술협회(CTA)에서 주최하는 세계 3대 전자·정보통신(ICT) 박람회 중 하나로, 벤처·창업기업에게는 자사의 제품과 기술력을 알리는 좋은 기회가 된다.

구는 지난 CES 2024에서 자치구 중 유일하게 '관악S밸리관'을 조성해 관악구 소재 8개 기업 부스를 운영한 바 있다.

특히 관악S밸리 입주기업인 '아이디어오션'과 '솔리브벤처스'는 'CES 2024 혁신상'을 수상해 자사 제품의 우수성을 전 세계에 알리는 기회를 가졌다.

구는 내년에도 CES 2025 '관악S밸리관'을 조성하고 관악S밸리의 벤처‧창업기업 지원을 위한 총력전에 돌입한다.

구는 전시공간을 전년도 8개 부스에서 2025년에는 10개 부스로 규모를 확대하고 더욱 많은 기업들에게 참가의 기회를 제공한다.

이번 모집에 선정된 기업들은 △전시부스 △CES 혁신상 컨설팅 △혁신상 신청 △비즈매칭 및 전시마케팅 교육 △1대1 현지 통역 등을 지원받는다.

참여 대상은 본사, 지사, 연구소 등이 관악구에 소재하는 창업 7년 이내(신산업 창업 분야의 경우 10년 이내) 기업으로, 인공지능, 바이오, 헬스케어 등 첨단 기술을 보유한 벤처·창업기업이면 신청이 가능하다. 올해 10월까지 관악구에 이전 예정인 기업도 신청이 가능하다.

참여를 희망하는 기업은 17일까지 전자우편으로 신청서류를 제출하면 된다. 구는 기업역량, 제품역량 등을 심사해 6월 말까지 1차로 총 20개사(선정 10개사, 예비후보 10개사)를 선정하고 11월 중 전시회 최종 참가기업 10개사를 확정한다.

박준희 구청장은 ""CES에 참가하는 것만으로도 기업들에게는 제품 홍보, 투자 유치 등 기업 성장을 위한 좋은 기회가 될 수 있다""며 ""앞으로도 관악S밸리에 입주한 우수 기업들의 해외 시장 진출과 안정적 성장을 적극 지원하겠다""고 말했다.",[],https://imgnews.pstatic.net/image/421/2024/06/09/0007589540_001_20240609142212380.jpg?type=w647,56
"포스뱅크, 국제 IT 박람회 ‘COMPUTEX 2024’ 참가…글로벌 입지 다져",박순엽(soon@edaily.co.kr),2024.06.10. 오후 4:35,https://n.news.naver.com/mnews/article/018/0005760758?sid=101,"[이데일리 박순엽 기자] POS·KIOSK 전문기업 포스뱅크(105760)가 세계 3대 IT 박람회 중 하나이자 세계에서 두 번째로 큰 ICT 전시회인 ‘COMPUTEX 2024’에 참가했다고 10일 밝혔다.

(사진=포스뱅크)
국제 B2B 전문 전시회인 COMPUTEX는 지난 4일부터 7일까지 나흘간 열렸으며, 36개 국가 1500개 전시업체가 참가하고 8만 5000명 이상의 ICT 바이어와 전문가들이 행사장을 방문했다.

국내 POS 시스템 제조업계 최초 코스닥 상장사인 포스뱅크는 국내 1위 시장 점유율을 차지하고 최근 5년 동안 해외 매출 비중이 커진 만큼 이번 전시회에서 대만 업체들과 경쟁하며 글로벌 입지를 다지는 기회로 삼았다.

포스뱅크는 POS 분야의 글로벌 대기업과 해외 파트너사를 대상으로 글로벌 수주를 이어 나가기 위해 2024년 하반기 출시 예정인 신제품들을 대거 선보였다.

포스뱅크는 이번 전시회에서 대표적인 제품으로 혁신적인 디자인과 설계구조를 통해 실용성과 편의성을 인정받은 GOOD DESIGN 선정 제품인 ‘APEXA’와 더불어 하이엔드 제품인 ‘MAZIC’, POS에 프린터 기능까지 포함된 올인원 제품인 ‘MINT’, 셀프서비스 키오스크인 ‘BIGPOS’ 등을 선뵀다.

이 밖에도 주방에서 쓰이는 디스플레이인 KDS와 수평·수직으로 화면전환이 가능한 신개념 키오스크 ‘MAZIC K’를 소개해 기능과 디자인 면에서 방문객들의 많은 주목을 받았다.

포스뱅크 글로벌 영업 관계자는 “해외 수출을 위해 국가별 인증 사업, 해외 박람회 참가 등 다양한 정책을 꾸준히 추진해 나갈 계획”이며 “고객사의 맞춤형 제품을 제공하며 글로벌 POS 제조에서 수출에 이르기까지 선두주자가 되는 데 최선을 다하겠다”고 말했다.",[],https://imgnews.pstatic.net/image/018/2024/06/10/0005760758_001_20240610163510484.jpg?type=w647,57
"정창규 전북대 교수, 국제학회서 '젊은 연구자상' 수상…유전체·압전체 등 연구",김한식 hskim@etnews.com,2024.06.10. 오후 1:48,https://n.news.naver.com/mnews/article/030/0003212921?sid=102,"정창규 전북대 신소재공학부 교수(오른쪽).

전북대학교는 정창규 신소재공학부 전자재료공학전공 교수가 '제7회 나노제너레이터 앤드 피에조트로닉스(NGPT) 국제학회'에서 젊은 연구자상을 수상했다고 10일 밝혔다.

NGPT는 나노발전기 및 압전소자 분야에서 가장 권위 있는 국제학회로, 재료공학 분야 전 세계 정량평가 1위 학자인 종린 왕 교수(미국조지아공대)가 창립한 학회다.

NGPT 학술대회는 격년으로 열리고 있다. 지금까지 미국 애틀랜타, 서울, 중국 베이징, 이탈리아 로마, 영국 케임브리지, 스웨덴 순스발 등 주요 국가의 도시에서 개최됐다.

정창규 교수는 미국 매디슨에서 개최된 이번 7회 학술대회에서 유전체, 압전체 및 강유전체 소재·/응용 연구 분야에서의 성과를 기반으로 수상의 영예를 안았다. 정 교수가 수상한 젊은 연구자상은 후원 업체들의 기금으로 만들어졌으며, 40세 이하의 교수에게 매년 수여하고 있다.

정 교수는 유전체, 압전체 및 강유전체 소재/응용 연구 분야에서 인용 수 9300회와 발표 논문이 얼마나 골고루 인용되었는지를 보여주는 h-지수 49 등을 인정받아 수상했다. 시흥 왕 미국 시카고대학교 교수와 장셩 우 싱가포르 국립대 교수가 함께 수상했다.

정 교수는 지난해 한국세라믹학회와 한국전기전자재료학회에서 주요 학술상을 수상한 것에 이어, 이번 수상으로 국제무대에서도 연구 성과들을 인정받게 됐다.

정창규 교수는 “아직 덜 익은 연구 실적에도 불구하고 세계적인 젊은 연구자 친구들과 함께 수상하게 되어 영광이다. 해당 분야에 더 열심히 기여하라는 위원장의 격려라고 생각한다”며 “2년 뒤인 2026년 제8회 NGPT는 다시금 한국에서 개최된다. 전북대에도 관련 분야 연구하시는 분들이 많은데, 여러 교수를 모실 수 있도록 노력하겠다”고 소감을 말했다.",[],https://imgnews.pstatic.net/image/030/2024/06/10/0003212921_001_20240610134817112.png?type=w647,58
"유방암 4세대 항암제 실마리 풀어… 동아대 이종호 교수팀, 의학 국제학술지 논문",영남취재본부 조충현 기자 jchyoung@asiae.co.kr,2024.06.10. 오후 5:48,https://n.news.naver.com/mnews/article/277/0005429785?sid=102,"중앙대·헝가리 세멜바이스대 등 공동연구

‘유방암세포 세린생합성 조절 기전’ 밝혀
동아대학교(총장 이해우)는 이종호 바이오메디컬학과 교수팀이 의학연구 전문 국제학술지 ‘Experimental & Molecular Medicine’ 온라인판에 논문을 게재했다고 10일 전했다.

동아대 바이오메디컬학과 암대사학 연구실 박수환 박사과정(제1저자)과 이 교수(교신저자)가 주도한 이번 논문은 한국 과학자들의 우수한 논문을 알리는 생물학연구정보센터(BRIC) ‘한국을 빛낸 사람들(한빛사)’ 추천논문으로도 선정됐다.

‘Experimental & Molecular Medicine’는 세계 최고 수준의 의학연구 전문 국제학술지로 영향력지수(IF) 12.8, 의학연구 분야 상위 4.8%에 해당하는 권위를 갖고 있다.

과학기술정보통신부(한국연구재단)의 중견연구자지원사업을 통해 이뤄진 이번 연구는 중앙대 박윤용 박사·윤성일 교수, 서울아산병원, 헝가리 세멜바이스대(Semmelweis University) 연구팀과의 공동연구로 진행됐다.

이번 논문에서 연구팀은 ‘유방암세포에서의 세린생합성 조절 기전’을 밝혀냈다. 이 교수팀의 논문 제목은 ‘The m6A writer RBM15 drives the growth of triple-negative breast cancer cells through the stimulation of serine and glycine metabolism(아데노신 메틸화 단백질RBM15 매게 세린/글리신 대사 및 삼중 음성 유방암 세포의 성장 촉진 기전 연구)’이다.

연구팀은 유방암 중 가장 공격적이고 예후가 좋지 않은 ‘삼중 음성 유방암’에서 과발현돼 있는 아데노신 메틸화 단백질인 ‘RBM15’에 의해 세린 생합성 대사 경로가 활성화되고 이는 삼중 음성 유방암의 성장과 생존에 중요한 역할을 한다는 사실을 발견했다.

이 교수는 “아데노신 메틸화 단백질 RBM15의 기능과 암세포의 성장에 중요한 역할을 하는 세린 생합성 대사 경로의 정확한 활성화 기전을 이해했다는 데 의의가 있다”며 “이를 통해 삼중 음성 유방암에 대한 대사항암제(제4세대 항암제) 개발을 위한 기초 실마리를 제공하는 성과를 거뒀다”고 설명했다.

이 교수는 이어 “정상세포와 차별화된 암세포의 대사, 성장 및 생존의 분자적인 기전을 파악해 암대사 치료제 개발을 위한 새롭고 유망한 치료 표적을 제시할 계획이다”고 말했다.

동아대 박수환 박사과정(왼쪽)과 이종호 교수.",[],https://imgnews.pstatic.net/image/277/2024/06/10/0005429785_001_20240610174913771.jpg?type=w647,59
"신성영 인천시의원 ""영종국제도시 중학교 신설 필요""",이루비 기자(ruby@newsis.com),2024.06.09. 오후 2:44,https://n.news.naver.com/mnews/article/003/0012594699?sid=102,"[인천=뉴시스] 신성영(국힘·중구2) 인천시의원. (사진=인천시의회 제공)
[인천=뉴시스] 이루비 기자 = 신성영(국힘·중구2) 인천시의원이 인천 중구 영종국제도시 내 중학교 신설 필요성을 주장했다.

9일 인천시의회에 따르면 최근 열린 제295회 제2차 정례회 제4차 본회의 시정질문에서 행정안전위원회 소속 신성영 의원은 ""영종국제도시 인구 급증 추이에 비춰 중학교 부지 확보가 절실하다""고 호소했다.

신 의원은 ""영종하늘도시는 인천 최대 과대·과밀 학군""이라면서 ""당초 중학교를 지으려고 계획한 중산동 부지마저 공원으로 용도 변경돼 현재 파크골프장으로 사용되고 있다""고 지적했다.

그러면서 ""이 부지를 다시 학교 설립 용도로 변경해 중학교 신설 부지를 확보할 수 있도록 검토해달라""고 요청했다.

이에 도성훈 인천시교육감은 ""인천 신도시의 초·중학교에서 과대·과밀 현상이 반복되고 있다""며 ""실효성 있는 대안에 대해 적극적으로 검토하겠다""고 답했다.",[],https://imgnews.pstatic.net/image/003/2024/06/09/NISI20240609_0001571147_web_20240609144033_20240609144516360.jpg?type=w647,60
중국전 앞둔 손흥민 “전력 다해 ‘유종의 미’ 거두겠다”,박지윤 기자 jypark@chosunbiz.com,2024.06.10. 오후 5:20,https://n.news.naver.com/mnews/article/366/0000997524?sid=004,"2026 북중미 월드컵 아시아 2차 예선
11일 오후 8시 서울월드컵경기장서 개최

중국전을 준비하는 한국 축구대표팀의 주장 손흥민이 전력을 다하겠다는 의지를 밝혔다.

대한민국 축구 국가대표팀 손흥민이 10일 오후 경기 고양시 고양종합운동장에서 북중미 월드컵 2차 예선 중국과의 경기를 하루 앞두고 열린 훈련에 앞서 인터뷰를 하고 있다. /뉴스1

손흥민은 중국과의 2026 국제축구연맹(FIFA) 북중미 월드컵 아시아 2차 예선 C조 마지막 6차전을 하루 앞둔 10일 고양종합운동장에서 진행된 기자회견에서 “지난 경기를 잘해서 팀 분위기는 좋은 상황”이라며 “유럽에서 뛰는 선수들의 경우 시즌 마지막 경기인데 유종의 미를 거두겠다”고 말했다.

김도훈 임시 감독이 이끄는 한국 축구대표팀은 11일 오후 8시 서울월드컵경기장에서 중국과 최종전을 치른다.

지난 6일 싱가포르와의 5차전(원정)에서 7-0 시원한 대승을 거둔 한국은 4승1무(승점 13)를 기록해 3차 예선 진출을 조기 확정했다. 하지만 3차 예선에서 톱시드(포트 1)를 받기 위해 중국전을 반드시 이겨야 하는 상황이다.

손흥민은 어릴 적 자신에게 도움을 줬던 선배들에 대한 고마움을 전했다. 손흥민은 14년 전 A매치 데뷔골에 대한 질문에 대해 “(박)지성이 형과 공을 같이 찰 수 있었던 것만으로도 엄청나게 도움이 됐다”며 “내가 그때 배웠던 것처럼 지금 후배들을 위해 훌륭한 선배 역할을 하겠다”고 말했다.

손흥민은 2차 예선 최종전에서 승리를 가져올 것을 다짐했다. 그는 “톱시드로 가는 것도 중요하겠지만 다 떠나서 대한민국 경기장, 서울에서 경기하기 때문에 최선을 다해야 한다”며 “많은 팬이 기대하고 오시는데 재미있는 축구, 승리하는 모습 보여드리겠다”고 강조했다.","['일본한테 지는거보다 중국한테 지는게 더 심각한건지 알지?', '승리도 좋은데.. 다치지 말기를..', '역시손캡팀~화이팅', '부상만당하지말아줘쏘니 및 모든국대선수들', '중국 : 왜 최선을 다해?? 그러지 마..']",https://imgnews.pstatic.net/image/366/2024/06/10/0000997524_001_20240610190811589.jpg?type=w647,61
[MT시평]국제 금융시스템의 분절화,장보형 하나은행 하나금융경영연구소 선임연구위원,2024.06.10. 오전 2:05,https://n.news.naver.com/mnews/article/008/0005048237?sid=110,"장보형 하나금융경영연구소 선임연구위원
경제나 금융통합이 평화를 보장할 수 있다는 생각은 더 이상 유효하지 않다. 세계 경제의 양강 미국과 중국을 필두로 지정학에 기반한 경제안보 논리가 득세하면서 상호 갈등과 대립이 확산하는 것이다. 특히 그동안 세계경제 통합의 견인차 역할을 담당한 미국 주도의 국제 금융질서, 혹은 금융세계화가 흔들린다.

얼마 전 영국 이코노미스트는 '세상의 해체'(worlds apart)라는 특별보고서에서 미국 주도의 국제 금융질서가 국제적 차원의 보다 다각적인 흐름에서 밀려나고 있다고 진단했다. 오랫동안 잠재돼 있던 또 새롭고 다양한 힘이 결합해 서구, 특히 미국의 자본과 제도 및 지급결제망에 대한 의존성을 줄이기 시작한 것. 이를 세계 경제지리의 급변에 기반한 순차적 '다변화'로 볼 수도 있지만 최근에는 지정학적 갈등과 결부해 '분절화'의 위험에 보다 관심이 크다.

본래 단일하고 세계화한 금융시스템만이 평화나 번영에 필요·충분조건은 아니다. 지금처럼 세계경제의 역학관계가 재편된 상황에서는 도리어 다양하고 중층적인 시스템이 적합할 수도 있다. 우리처럼 대외 연계성이 높은 국가는 외환위기나 금융위기처럼 글로벌 자본의 일방적인 행태에 큰 위기를 겪곤 한다. 결국 국제 자본흐름의 변동성 또 국제금융의 불평등한 위계구조에서 자신을 방어하려는 노력이 불가피하며 이미 자체 금융시장 육성 및 투자보호 등을 위한 조치들이 강화된다.

게다가 점차 달러파워에 기반한 미국 주도의 금융제재, 즉 달러의 무기화가 역풍을 초래했다. 주로 러시아나 중국 등 적성국의 반발이 크지만 인도 등 다른 비동맹 국가들은 물론이고 유럽에서도 이처럼 미국이 통제하는 금융지렛대를 우회하려는 움직임이 확산한다. 특히 디지털기술 발전에 힘입어 달러 중심의 금융망에서 벗어나 자체 금융접근성을 제고하려는 노력도 주목된다. 문제는 이런 행보가 지정학적 진영화의 논리와 결부되면 정말 예상치 못한 충격을 초래할 수 있다는 점이다.

따라서 상호 분열과 갈등을 억제하고 새로운 협력과 소통의 계기를 찾는 게 절실한 상황이다. 하지만 달러에 편중된 국제 금융시스템의 대안을 모색하는 노력은 여전히 중요하다. 실제로 여러 시험과 균열, 새로운 연결고리가 부상한다. 가령 외환보유액만 해도 달러의 지배력은 여전하지만 점차 '비전통적 준비통화'들이 약진한다. 중국 위안화는 물론 캐나다달러나 호주달러, 나아가 우리 원화까지 일종의 '준안전통화'로 부상하며 세계 외환보유액에서 비중을 확대하는 것이다.

아울러 미중갈등 격화로 상호 직접적인 투자나 교역은 줄고 있지만 그 대신 제3국, 이른바 '연결국들'(connectors)을 통한 간접연계는 더욱 확대된다. 인도나 인도네시아, 브라질, 멕시코, 베트남 등의 신진세력이 양강, 혹은 적대진영간 대립의 틈새에서 새롭게 경제적, 외교적 지위를 다지며 세계경제를 지탱하는 것이다. 21세기 세계경제와 국제금융질서의 새로운 활력을 이끌 이들과의 공조와 협력은 '글로벌 중추국가'를 꿈꾸는 우리에게도 소중한 기회가 될 수 있다. (장보형 하나은행 하나금융경영연구소 선임연구위원)",[],https://imgnews.pstatic.net/image/008/2024/06/10/0005048237_001_20240610041516236.jpg?type=w647,62
제3회 서울 국제 마스터 셰프 요리대회 개최,박준식 기자 parkjs@wowtv.co.kr,2024.06.10. 오후 2:54,https://n.news.naver.com/mnews/article/215/0001165770?sid=102,"한국의 식재료 활용, 세계 셰프들이 만드는 K-FOOD

사단법인 한국중찬문화교류협회(회장 구광신)와 사단법인 국제조리산업협회가 ‘2024 부엌의 외교관을 찾아라-제3회 서울 국제 마스터 셰프 요리대회’를 개최한다고 밝혔다.

대한민국 부엌의 외교관을 찾는 이번 행사는 세계 10여 개국의 마스터 셰프들과 함께 경연의 장을 통해 조리 기술 향상과 정보 교류를 할 수 있는 입맛 외교 축제로 2024년 8월 13일(화)~15일(목) 3일간 양재동 aT센터 1전시장 (한국농수산식품유통공사)에서 열린다.

우수한 성적을 거둔 참가 선수들에게는 정부 부처, 지방자치단체, 공기업 등 많은 단체의 기관장 상이 수여될 예정이다.

국내외 요리사들의 기량을 겨루고, 한국의 우수한 음식문화를 전 세계에 알리기 위해 마련된 이번 대회는 개인 및 단체 부문으로 나뉘어 전시 경연과 라이브 경연으로 경쟁하게 된다.

심사위원으로는 세계적인 요리사들이 참여해 공정하고 전문적인 심사를 진행할 예정으로 수상자에게는 상금, 상장과 메달이 수여된다.

구광신 조직위원장은 “이번 대회는 단순한 요리 경연 대회가 아니라, 한국을 대표할 수 있는 글로벌 K-FOOD를 만들어 세계인에게 서울의 맛을 알리기 위한 것”이라며 ""이번 대회를 통해 국내외 요리사들의 교류와 협력을 증진하고, 민간 외교 외교의 주역이 될 부엌의 외교관들의 많은 관심과 참여 바란다”고 말했다.

참가 신청 및 확인은 2024년 6월 1일부터 7월 12일까지 사무국 홈페이지를 통해 가능하다.",[],https://imgnews.pstatic.net/image/215/2024/06/10/A202406100141_1_20240610145507452.jpg?type=w647,63
한국시 국제화 힘쓴 원로 시인 김광림 별세…향년 95세,손효숙 기자 (shs@hankookilbo.com),2024.06.09. 오후 7:31,https://n.news.naver.com/mnews/article/469/0000805891?sid=102,"화가 이중섭과 깊은 인연...
'은박지 시리즈'를 세상에 남겨
김광림 시인. 한국일보 자료사진


한국시인협회장을 지낸 문단 원로 김광림(본명 김충남) 시인이 9일 별세했다. 향년 95세.

1929년 함경남도 원산에서 태어난 고인은 1948년 월남해 경기 여주의 한 초등학교에서 교사로 재직했다. 6·25 전쟁에 육군 소위로 참전한 뒤 제대 후 고려대 국문학과를 졸업했다. 1948년 시 '문풍지'로 등단한 시인은 1954년 '전시문학선'에 '장마', '내력' 등을, '문학예술'에 '상심하는 접목'을 발표하며 작품활동을 시작했다. 필명 광림은 김광균 시인의 '광'과 김기림 시인의 '림'에서 한 글자씩 딴 것으로 알려져 있다..

고인은 서구 모더니즘을 바탕으로 깨끗하고 맑은 시 세계를 추구했다. 1980년대에는 한국 시의 국제화를 위해 한국·중국·일본의 시단 교류에도 앞장섰다. 전봉건·김종삼 시인과 함께 '전쟁과 음악과 희망과' 등 협동시집 3권을 냈고, 일본 세이주사에서 '세계시인총서 5'와 '속세계시인총서 10'을 출간했다. 1992~1994년 한국시인협회 회장을 역임했으며, 한국시의 국제화 공로를 인정받아 대한민국문학상, 한국시인협회상, 보관문학훈장을 수상했다.

화가 이중섭(1916~1956)과 깊고 오랜 인연을 맺었다. 이중섭의 대표작인 ‘은박지 그림’ 시리즈를 탄생시킨 것도, 세상에 전한 것도 고인이다. 고인이 장교 복무 시절 모았다가 건넨 보급품 양담배의 은박지에 이중섭이 그림을 그렸다. 이중섭이 모두 불태우라고 했지만, 고인은 따르지 않았다. 2006년 '진짜와 가짜의 틈새에서-화가 이중섭 생각'이란 책을 썼고, 이중섭에 대한 8편의 연작시도 발표했다.

유족으로는 아들 상수·상일·상호씨, 딸 상미씨가 있다. 빈소는 서울대병원장례식장 2호실. 발인은 11일 오전 10시.",[],https://imgnews.pstatic.net/image/469/2024/06/09/0000805891_001_20240610061030600.jpg?type=w647,64
"SKT, CDMA 상용화 공헌으로 'IEEE 마일스톤' 선정",최지연 기자(delay_choi@zdnet.co.kr),2024.06.10. 오전 9:33,https://n.news.naver.com/mnews/article/092/0002334154?sid=105,"SKT-ETRI-삼성전자-LG전자, CDMA 통신 반도체 성장 기폭제 마련 평가
SK텔레콤은 한국전자통신연구원(ETRI), 삼성전자, LG전자와 함께 한 1996년 CDMA 대규모 상용화가 국제전기전자공학협회(IEEE)가 선정하는 ‘IEEE 마일스톤(Milestone)’에 등재됐다고 10일 밝혔다.

IEEE는 1884년 토머스 에디슨과 그레이엄 벨 주도로 창설된 전기 전자공학분야 세계 최대 학회로, 1983년부터 인류 사회와 산업 발전에 공헌한 역사적 업적에 시상하는 IEEE 마일스톤 프로그램을 운영하고 있다. 글로벌 ICT 분야의 노벨상으로 불리며, 북미 유럽 일본과 같은 기술강국이 업적의 대부분인 90% 이상을 차지해 왔다.

SKT CDMA 상용화 업적으로 ICT 명예의 전당 등재

SK텔레콤은 25년 이상 경과한 업적을 심사하는 IEEE의 절차를 고려, 2016년부터 민관합작을 통한 대한민국 CDMA 성공 사례를 등재하기 위해 노력해 왔다고 설명했다.

앞서 IEEE 마일스톤에 선정된 업적들로는 벤자민 프랭클린의 1751년 전기 연구를 시작으로 볼타의 전기 배터리 발명(1799년), 마르코니의 무선 전신 실험(1895년), 최초의 무선 라디오 방송(1906년), 최초의 텔레비전 공개 시연(1926년), 최초의 반도체 집적회로(1958년), 컴퓨터 그래픽 기술(1965~1978년), 최초의 인터넷 전송(1969년), QR코드 기술 개발(1994년) 등의 과학기술들이 망라되어 있다.

10일 오후에는 ‘IEEE 마일스톤’ 수여식이 서울 을지로 SKT 본사에서 열릴 예정이다. IEEE 마일스톤 선정 기업에 수여되는 기념 현판 제막 행사에는 캐슬린 크레이머(Kathleen Kramer) IEEE 차기 회장, 고진 디지털플랫폼정부위원회 위원장, 송상훈 과학기술정보통신부 정보통신정책실장, 유영상 SK텔레콤 CEO, 백용순 ETRI 입체통신연구소장, 최원준 삼성전자 MX사업부 개발실장, 제영호 LG전자 C&M표준연구소 연구소장 등이 참석한다.

SK T타워 외벽에 설치된 현판에는 대한민국 CDMA 상용화 주역인 SK텔레콤, ETRI, 삼성전자, LG전자의 사명과 산업에 기여한 성과 등이 기재된다.

현판 제막에 이어 열린 기념행사에는 SK텔레콤 대표이사를 역임한 조정남 전 부회장, 표문수 마이써니(mySUNI) 총장, 하성민 전 수펙스추구협의회 윤리경영위원회 위원장이 참석 예정이다. CDMA 상용화 당시 개발부장을 맡았던 성균관대학교 이주식 교수, 과거 SK텔레콤 각 조직에서 CDMA 관련 업무를 담당했던 직원 등 총 250여명의 업계, 학계 관계자들도 역사적 순간을 함께 한다.

이날 행사에서는 전 과학기술부 장관이자 SK텔레콤 부회장을 역임한 故 서정욱 장관 유족에 감사패를 전달하는 수여식도 열린다. 고인은 SK텔레콤 재직 당시 CDMA 상용화를 이끌었던 경험을 바탕으로 IEEE 마일스톤 등재를 적극 추진, 대한민국의 ICT 역량을 세계에 알리는데 기여했다.

SK텔레콤, ETRI, 삼성전자, LG전자는 1990년대 이동통신의 수요 폭증에 대응해 통화용량을 아날로그 방식보다 10배 이상 증가시킬 수 있는 CDMA 디지털 이동통신 시스템 상용화에 성공했다.

당시 세계 기업들은 시분할 방식인 TDMA를 놓고 치열한 기술 경쟁을 벌였지만, 대한민국은 성장 잠재력이 획기적으로 높은 CDMA 상용화에 도전했다. 정부는 ETRI가 국내에 도입한 CDMA 기술을 기반으로 SKT(당시 한국이동통신) 산하에 이동통신기술개발사업관리단을 출범시켰다. 이후 삼성전자와 LG전자 등 국내 단말 제조사들이 적극 협력, CDMA를 국가표준으로 단일화하고 세계최초로 상용화할 수 있었다.

캐슬린 크레이머 IEEE 차기 회장은 ""CDMA 상용화를 위한 대한민국 민관의 협업 노력과 선견지명이 ICT 분야에 필수적인 기술을 세계에 제공한 이정표로 인정받게 되었다""며 “IEEE는 독창적이고 세상을 변화시킨 기술 사례이자 시대 혁신자들에게 영감을 준 CDMA 상용화 업적의 수상을 축하한다”고 밝혔다.

유영상 SK텔레콤 CEO는 “CDMA 상용화가 국내 기업 최초로 IEEE 마일스톤에 등재되는 영예를 얻게 되어 의미가 깊다”며 “정부와 기업이 한마음으로 이뤄낸 CDMA 상용화의 창의 도전 협력을 되새기는 온고지신의 자세로 AI시대를 개척해 나갈 것”이라고 말했다.","['SK텔레콤, ETRI, 삼성전자, LG전자의 CDMA 상용화가 IEEE 마일스톤에 등재된 것을 진심으로 축하합니다! 대한민국의 혁신적인 기술과 협업이 세계적으로 인정받아 자랑스럽습니다. 과거의 성과를 바탕으로 앞으로도 AI 시대를 선도해 나갈 SK텔레콤과 협력 기업들에게 무궁한 발전을 기원합니다. 대한민국 ICT의 밝은 미래를 응원합니다']",https://imgnews.pstatic.net/image/092/2024/06/10/0002334154_001_20240610093311294.jpg?type=w647,65
"오비맥주 ""국제 우수 미각상 5관왕""",박지현 기자 (jhpark@fnnews.com),2024.06.09. 오후 6:35,https://n.news.naver.com/mnews/article/014/0005196703?sid=101,"미쉐린 셰프·소믈리에가 심사
한맥, 2년 연속 최고등급 받아
오비맥주가 벨기에 브뤼셀에서 열린 '2024 iTi 국제식음료품평회'에서 '국제 우수 미각상' 5관왕의 영예를 안으며 세계적 수준의 품질력을 인정받았다고 9일 밝혔다.

이번 품평회를 주최한 '국제식음료품평원(ITI)'은 2005년부터 전 세계 식음료 제품을 평가해온 세계적 권위의 글로벌 식음료 품평 기관이다. 미쉐린 셰프와 베스트 소믈리에 등 200여 명의 미각 전문 심사단이 제품을 평가하고 있다. 심사단은 엄격한 블라인드 심사를 통해 출품된 제품들의 첫인상, 시각, 후각, 맛, 질감, 관능적 특성 등 총 6가지 항목을 종합적으로 평가한다. 모든 항목에서 평균 70% 이상의 점수를 획득한 제품들에 한해 '국제 우수 미각상'을 수여한다.

오비맥주는 ITI가 주최한 이번 품평회에 카스 프레시, 카스 라이트, 카스 0.0, 한맥, 필굿 등 5개 브랜드(사진)를 출품했으며 모든 출품 브랜드가 국제 우수 미각상을 수상하는 쾌거를 이뤘다. 오비맥주 브랜드들의 수상은 국내 맥주 제조사 중 유일하다. 수상 브랜드 중 한맥은 종합점수 90점 이상을 기록해 지난해에 이어 2년 연속 국제 우수 미각상의 최고 등급인 '3스타'를 획득했다.",[],https://imgnews.pstatic.net/image/014/2024/06/09/0005196703_001_20240609183515871.jpg?type=w647,66
"‘e편한세상 범일 국제금융시티’, 특별공급 청약 접수 진행",이윤정(yunj725@edaily.co.kr),2024.06.10. 오후 1:37,https://n.news.naver.com/mnews/article/018/0005760591?sid=101,"총 1,080세대(O/T 224실) 중 59㎡~84㎡ 384세대 일반 분양
6월 10일 특별공급, 11일 1순위, 12일 2순위 청약 접수
[이데일리 이윤정 기자] 한국토지신탁이 사업을 대행하고 DL건설과 DL이앤씨가 시공하는 ‘e편한세상 범일 국제금융시티’가 본격 분양에 나선다.

e편한세상 범일 국제금융시티는 한국부동산원 청약홈에서 6월 10일 특별공급을 시작으로 11일 1순위, 12일 2순위 청약 접수를 받는다. 이어 19일 청약 당첨자를 발표하고, 6월 23일부터 26일까지 4일간 정당 당첨자 계약을 진행할 계획이다.

부산시는 비수도권, 비규제 지역이라 청약통장 가입 기간은 입주자모집공고일 기준 6개월 이상이다. 만 19세 이상 부산, 울산, 경남 거주자면 보유 주택 수와 세대주 여부 관계없이 1순위 청약이 가능하다.

이번에 개편된 청약제도는 △배우자 청약 통장 가입 기간 합산 △가점 동점 시 장기가입자 우선 △미성년자 청약통장 5년까지 인정 △다자녀가구 기준 완화 △신생아 특별공급 신설 △2년 이내 신생아 우선공급 △맞벌이 부부 소득요건 완화 등의 항목이며 수요자들이 다양한 방식으로 청약 계획을 세울 수 있다.

단지는 총 4개 동 49층으로, 오피스텔 224실 포함 총 1,080가구 규모로 조성된다. 이중 △59㎡ 22가구 △68㎡A 94가구 △68㎡B 60가구 △77㎡A 82가구 △77㎡B 101가구 △84㎡ 25가구, 총 384가구가 일반 분양으로 공급된다.

‘e편한세상 범일 국제금융시티’는 부산에서 보기 드문 평지 대단지의 1군 프리미엄 브랜드로 범일역과 문현역이 도보거리에 위치한 더블역세권이고, 백화점, 도매시장, 극장, 마트, BIFC 등 풍부한 인프라를 가졌다.

북항재개발사업(예정), 동천강 리버프런트(예정), C-bay파크선(예정), 55보급창 공원화(예정) 등 다양한 개발 호재가 있다. 또한 ‘브역대신평초(브랜드, 역세권, 대단지, 신축, 평지, 초등학교)’와 같은 주택 가격을 결정하는 중요한 요소들을 모두 포함한다.

주택전시관은 부산 동구 중앙대로에 위치하며, 입주는 2028년 6월 예정이다.",[],https://imgnews.pstatic.net/image/018/2024/06/10/0005760591_001_20240610133707245.jpg?type=w647,67
중국판 '골드라이팅'? 1년반 만에 매입 중단에 국제금값 급락,베이징(중국)=우경희 특파원 (cheerup@mt.co.kr),2024.06.10. 오후 12:51,https://n.news.naver.com/mnews/article/008/0005048491?sid=104,"5월 금 보유량 18개월 만에 '동결'…중국 주도 금값 상승랠리도 매입 중단 소식에 당장 하락
금괴 이미지. 중국 통용 금괴 이미지. /사진=바이두
중국 정부가 무려 1년6개월 만에 금 사들이기를 멈췄다. 중국이 주도해 온 금값 랠리 탓에 정작 중국이 추가 매입에 부담을 느꼈기 때문으로 해석되는데, 중국이 쉬어가자 국제 금 가격도 출렁이고 있다. 금 시장 큰손 중국의 위상을 엿볼 수 있는 대목이다.

10일 현지언론에 따르면 중국 국가외환관리국은 지난 7일 5월 중국 국영 인민은행의 공식 비축 금 보유량이 7280만트로이온스라고 밝혔다. 4월 보유량과 동일한 양인데, 중국이 금 보유량 확대에 '일시 정지' 버튼을 누른 건 무려 18개월 만이다.

중국 정부는 위안화의 국제적 지위 제고에 총력을 다하고 있다. 중국의 영향력 아래 있는 국가들과의 무역거래에는 달러 대신 위안화를 사용하도록 종용하고 있다. 물론 원유 등 원자재 거래가 달러로 이뤄지는 만큼 쉬운 도전은 아니지만 위안화의 국제적 위상은 시나브로 높아지고 있다. 그리고 금 자산 확보는 위안화 가치의 기반을 다지는 가장 중요한 작업이다.

중국의 금 확보 전략이 구체화한 건 지난 2022년 11월부터다. 이 시점 이후 중국의 금 보유량은 총 1016만트로이온스 늘어났는데 사재기가 시작된 2022년 11월에 103만트로이온스로 월별 최대 매입량을 기록했다. 그러나 직전 통계에 다뤄진 올해 4월엔 6만트로이온스로 매입량이 줄어들며 중국 정부의 사재기가 쉬어가기 모드로 들어갈 수 있다는 해석이 나왔었다.

중국 정부의 금 매입이 일시 중단된 건 하늘 높은 줄 모르고 치솟은 금 가격 탓으로 일단 해석된다. 금 가격은 말 그대로 우상향하고 있다. 뉴욕상품거래소 기준 2023년 1월까지만 해도 트로이온스당 1750달러 수준이던 금값은 최근 2400달러선을 오르내린다. 최근 거래가격은 2313.2달러다.

더구나 5월 들어서는 상승세가 더 가파르다. 트로이온스 당 가격이 한 달 만에 약 1.8% 상승했다. 3월 대비 5월 기준으로는 무려 14%나 올랐다. 중국 경제매체 차이신은 이 여파로 중국 정부가 5월에 금 보유량을 전혀 늘리지 않았음에도 달러 환산 중국 정부 보유 금 가치가 4월 말 1680억달러(약 231조원)에서 5월 말 1710억달러(약 235조원)로 늘었다고 밝혔다. 1700억달러선을 넘어선 건 이번이 처음이다.

금 가격 상승 랠리를 주도한 게 바로 중국이라는 점에서 상황은 다소 아이러니하다. 중국이 금을 사들이는 바람에 금값이 올라서 중국이 더이상 금을 사들이기 어려운 상황이 됐다. 큰손이 주춤하자 금 가격도 당장 반응을 보인다. 중국 정부의 5월 금 매입이 제로라는 소식이 전해지자 6월 들어 금값은 당장 1.4%가량 하락했다. 중국의 금 확보 중단 기간이 길어진다면 국제 금 가격에도 상당한 영향이 예상된다.

중국의 금 매입 중단이 장기화할지 여부에 시장은 촉각을 곤두세우고 있다. 중국의 외환 전략이 장기적으로 큰 틀에서 달라질 가능성은 낮지만 매입조건이 중국 정부가 원하는 만큼 합리적 수준에서 형성되지 않을 경우 당분간 돈주머니를 풀지 않을 가능성도 있다.

광둥유에바오금그룹 장보 투자이사는 현지 언론에 ""탈달러화 추세 속에서 금의 가치는 지속적으로 부각되겠지만 일단 시장에서는 인민은행이 온스(트로이온스)당 2350달러라는 1차 포지션에 집중할 거라는 전망이 우세했다""며 ""중국 내 개인투자자들에게는 조정을 거친 후에 매입 기회를 찾으라고 조언한다""고 말했다.","['위안화 발행액수랑 금 보유량이랑 어느정도 똔똔을 맞춘 모양이군. 아니면 이제부터 맞춰가기 시작이거나. 브릭스 포메이션은 이리 조금씩 형태를 갖춰가기 시작인데 우리는 이 문제에 대해 어떤 노선으로 갈껀지 궁금하네.', '서방 제국주의자들이 금융 지배를 하기 위해 금본위제를 폐지하고 종이돈 마구 찍어내잖아.', '금 떨어지는 소리한다 금이 한돈에 오십만원은 가도 오만원 갈일은 없다', '(회개하라. 하나님의 나라가 가깝다.) 의인의 혀는 순은과 같으나, 악인의 마음은 가치가 적으니라. 의로운 자의 입술은 많은 사람들을 먹이나, 어리석은 자들은 지혜가 없으므로 죽느니라. (잠언 10:21)//그러므로 필요하다면 너희가 여러 가지 시험으로 잠시 슬퍼할 수 밖에 없지만 그것을 크게 기뻐하는 것은 너희 믿음의 시련이, 불로써 단련될지라도 없어져 버리는 금보다 훨씬 더 귀하게 되어 예수 그리스도께서 나타나실 때에 칭찬과 존귀와 영광을 받게 하려 함이니라. (베드로전서 1:7)//영생의 길, 오직예수']",https://imgnews.pstatic.net/image/008/2024/06/10/0005048491_001_20240610132008578.jpg?type=w647,68
"바이든-마크롱, 국제 안보 ‘밀착’",워싱턴 이재연 특파원,2024.06.10. 오전 5:04,https://n.news.naver.com/mnews/article/081/0003456498?sid=104,"美佛 정상회담 후 성명 발표
우크라 지원·중동 평화 다짐
8일(현지시간) 조 바이든(왼쪽 세 번째) 미국 대통령 부부와 에마뉘엘 마크롱(두 번째) 프랑스 대통령 부부가 파리 엘리제궁 국빈 만찬장에 들어서며 손을 흔들고 있다. 파리 로이터 연합뉴스
프랑스를 국빈 방문한 조 바이든 미국 대통령이 8일(현지시간) 파리에서 에마뉘엘 마크롱 프랑스 대통령과 정상회담을 갖고 우크라이나에 대한 지속적인 지원, 중동지역 긴장 완화에 노력하겠다는 입장을 밝혔다. 두 정상은 북러 간 군사협력 심화를 규탄하고 중국과 관련한 다양한 도전에 긴밀히 협력하는 한편 인도태평양의 번영, 안보 진전을 위해 공조해 나가기로 했다.

바이든 대통령은 이날 엘리제궁 회담 직후 성명 발표 회견에서 “푸틴(러시아 대통령)은 우크라이나에서 멈추지 않을 것이고 모든 유럽이 위협받을 것”이라며 “우리는 (우크라이나를) 외면하지 않겠다”고 밝혔다.

마크롱 대통령은 가자전쟁에 대해 “공정하고 지속적 평화를 가져올 유일한 정치적 해결”로서 즉각 휴전을 요구하면서 “(팔레스타인 가자지구에 대한) 이스라엘 작전은 중단돼야 한다”고 촉구했다. 이란에 대해서는 “지역 불안정화, 이란 핵 프로그램 등 전면적 확전에 맞서 압박을 가하겠다는 의지를 다진다”고 덧붙였다.

백악관은 별도로 자료를 배포해 “두 대통령은 러시아에 대한 북한의 탄도미사일, 탄약 제공을 강력 규탄했으며 유엔 안보리에서 북한 관련 모든 문제에서 공조 노력을 이어 가기로 했다”고 부연했다.

이번 정상회담에서 인플레이션감축법(IRA) 등 미국의 보호 장벽으로 높아진 경제적 불만이나 프랑스가 배제된 미·영·호주 안보 파트너십 오커스(AUKUS) 출범으로 인한 양국 간 긴장감 등을 표출하지 않은 채 양국 공조를 적극 내세웠다.

대선을 앞둔 미국 현직 대통령은 내치에 집중하는 모습을 보이느라 해외 일정은 자제하는 게 통례이지만 바이든 대통령은 드물게도 프랑스를 찾았다. 유럽 안보 자립이나 우크라이나 파병론 등 자국 리더십 강화에 치중한 마크롱 대통령과의 만남은 나토(북대서양조약기구) 탈퇴 등을 공언한 도널드 트럼프 전 미국 대통령을 견제하기 위한 양국의 필요가 맞아떨어진 결과라는 분석이 나온다.

이날 국빈 만찬 건배사에서 마크롱 대통령은 “뭉치면 서고, 흩어지면 무너진다”(United we stand, divided we fall)는 ‘미국 건국의 아버지’ 중 한 명인 존 디킨슨의 말을 인용하면서 동맹의 중요성을 앞세웠다. 바이든 대통령도 “지금 우리 결정이 향후 수십 년간 우리 미래를 정할 것”이라고 화답했다.","['치매든과 협의, 동맹해봤자 다음날 망각 ㅋㅋㅋ', '[바이든-마크롱, 국제 안보 ‘밀착’] ㅋㅋㅋㅋ 유유상종할 늘건 것들끼리? 아녀? 이미 국민들 한테 버림받은것들 아녀?']",https://imgnews.pstatic.net/image/081/2024/06/10/0003456498_001_20240610050402388.jpg?type=w647,69
인천서 26개 국가·국제기구 해양안보·안전 협력 논의,인천=김민 기자(ki84@kmib.co.kr),2024.06.09. 오전 9:11,https://n.news.naver.com/mnews/article/005/0001701974?sid=102,"제20회 아시아해양치안기관회의 개최
해양경찰청 전경. 해경청 제공

해양경찰청은 17∼20일 인천에서 포괄적 해양안보 협력 파트너십 구축을 위한 제20차 아시아해양치안기관회의(HACGAM)를 개최한다고 9일 밝혔다.

중국, 일본, 싱가포르, 말레이시아, 호주 등이 참석하는 HACGAM은 2004년 제1차 회의 이후 20년을 맞는 아시아 유일의 해양 협력 다자협의체다. 올해에는 ‘우리의 바다를 가꾸며 미래를 보장하다(Gardening our seas, Securing our tomorrow)’라는 슬로건 아래 열린다.

처음으로 우리나라에서 개최되는 이번 HACGAM에는 급변·고도화하는 해양안보 위협 대응을 위한 초국가 해양범죄예방, 수색구조, 환경보호, 정보공유, 역량 강화 등 5개 그룹 실무 전문가들이 모여 해양 분야 협력을 심도 있게 논의할 예정이다.

특히 우리나라는 새로운 유형의 해양안보 위협 동향 공유 및 다국적 합동작전 훈련 등 회원국 간 해상보안 실질 협력체계 구축을 위한 6번째 ‘해상보안’ 전문가 그룹 신설을 제안할 계획이다.

김종욱 해양경찰청장은 “이번 회의는 특별히 20주년을 맞이하는 기념적인 자리로서 대한민국에서는 처음으로 개최돼 의미가 뜻깊다”며 “아시아 해양치안기관 실무 전문가들이 모이는 만큼 이번 회의가 해양안보 협력의 실질적인 논의의 장이 될 것이라 기대한다”고 말했다.",[],https://imgnews.pstatic.net/image/005/2024/06/09/2023071111044787930_1689041088_0020183225_20240609091110183.jpg?type=w647,70
“민희진 하이브 떠나라” BTS 해외팬 국제청원 5만명 육박,김은하 기자 galaxy656574@asiae.co.kr,2024.06.09. 오후 6:31,https://n.news.naver.com/mnews/article/277/0005429227?sid=104,"1차 목표 3.5만명 훌쩍 넘어
""민희진, 비전문적이고 해로워""
그룹 방탄소년단(BTS) 해외 팬들이 민희진 어도어 대표에게 하이브를 떠나라고 요구하는 국제 청원이 목표 청원을 달성했다.

지난달 27일 국제 청원사이트 '체인지닷오알지'에는 'MIN HEE JIN Leave HYBE Company(민희진은 하이브를 떠나라)'라는 제목의 청원이 올라왔다. 9일 오후 6시 기준 4만9000명이 넘는 이들이 동의한 상태다. 1차 목표 청원 수인 3만5000명을 훌쩍 넘긴 것이다.

민희진 어도어 대표 [이미지출처=연합뉴스]


청원인은 ‘아미 포레버(ARMY Forever)’다. BTS 팬덤 ‘아미(ARMY)’의 이름을 적은 것으로 보아, BTS 팬이 올린 청원으로 보인다. 그는 “하이브 그룹 내 여러 구성원의 안녕과 사기에 영향을 미치는 심각한 문제에 대해 알려드리기 위해 이 글을 쓴다”며 “최근 특정 개인(민 대표)이 잘못된 정보를 퍼뜨리고 BTS, 아일릿, 르세라핌과 같은 그룹에 대한 괴롭힘 캠페인을 주도하고 있다”고 주장했다.

이어 “구체적으로 민 대표는 경쟁 하이브 그룹에 대한 허위 정보를 퍼트리고 BTS, 아일릿, 르세라핌을 앞세워 하이브의 가치 하락을 통한 계약 해지를 압박하고 있다는 의혹을 받고 있다”며 “이러한 행위는 비전문적일 뿐만 아니라 같은 지붕 아래 있는 대상에게 적대적인 환경을 조성해 회복할 수 없는 피해를 주는 해로운 행위”라고 했다.

서울 용산구 하이브 사옥. 사진=강진형 기자aymsdream@


청원인은 “모든 그룹이 안전하고 존중받는 환경을 보장받기 위해 이 문제를 신속하게 해결하는 것이 중요하다”며 “잘못된 정보 확산 방지를 위한 철저한 조사와 적절한 조치가 이뤄지길 바란다”고 촉구했다. 이와 함께 민 대표가 무속인 등과 주고받은 카카오톡 메시지 등을 영어로 번역해 올리기도 했다. 해당 청원에 동참한 이들은 여러 나라의 언어로 ‘왜 이 서명에 동참했는지’에 대한 이유를 남기며 BTS 해외 팬들의 참여를 독려했다.

앞서 하이브는 지난달 22일 경영권 찬탈 시도를 이유로 들면서 민 대표를 포함한 어도어 경영진에 대해 감사에 돌입한 데 이어 민 대표를 업무상 배임 혐의로 고발했다. 이에 민 대표는 하이브에 뉴진스 표절 문제를 제기한 데 따른 보복성 해임이라고 주장하며 강하게 맞섰다. 하이브는 지난달 31일 임시주주총회를 열고 민 대표의 해임을 시도했으나, 법원이 의결권행사금지 가처분 신청을 인용해 수포로 돌아갔다. 하지만 민 대표를 제외한 그의 측근 이사진 2명이 주총에서 해임됐고, 하이브 측이 추천한 김주영 최고인사책임자(CHRO), 이재상 최고전략책임자(CSO), 이경준 최고재무책임자(CFO)가 신임 사내이사에 선임됐다.

같은 날 민 대표는 긴급 기자회견을 열고 “자식 같은 아이들(뉴진스)을 위해 좋은 판단이 내려졌으면 좋겠다”며 하이브 측에 화해 의사를 밝혔다. 또 그는 “이제 대의적으로 실익을 생각해 모두가 좋은 방향으로 나아가야 하지 않겠나. 사업적 비전을 위해 다 같이 가는 조직이 돼야 하고, 이를 위해 건설적이고 건강한 논의와 타협이 필요하다고 생각한다”며 “하이브는 감정적 부분을 다 내려놓고 모두의 이익을 위해 다음 챕터를 재고해야 한다”고 강조했다.","['제발 나가라', '해외 팬들은 다른 아티스트를 향한 Hatred trains 주동자가 민희진이라고 생각해~이제까지 선한 이미지인 KPOP에서 절대 볼수 없었던 모습에 놀랐어~민대표 1차 기자회견이후 조니뎁 VS엠마 허드 한국판 사건 같다고 민대표를 엠마허드 모습에 투영해서 불신의 눈초리로 봤어~2차 기자회견때 BTS 비하하면서 보인 나르시스즘,대중과 뉴진스 가스라이팅하는 괴이한 모습에 경악한거야~한마디로 KPOP을 해치는 위험한 인물로 본거야~한국법이 그녀의 자리를 보장하니,보다 못해 나선거고~2차 기자회견 해외사이트에서 실시간 올라서 토론했음', '퇴출 시켜라', '과했지 끝까지 가려고 하는줄 알았는데 불리하니까 같이 잘해보자니...앞뒤가 안맞아ㅡㅡ']",https://imgnews.pstatic.net/image/277/2024/06/09/0005429227_001_20240610084017298.jpg?type=w647,71
